asset_1	asset_2	hedge_ratio
ADABTC	AIONBTC	15.536039040225086
ADABTC	BRDBTC	5.397440161684162
ADABTC	CMTBTC	2.9495175885720117
ADABTC	CNDBTC	0.48970939643964734
ADABTC	ELFBTC	5.127403301596215
ADABTC	GTOBTC	1.5615785448148647
ADABTC	ICXBTC	15.547592554241726
ADABTC	NAVBTC	6.270955837381573
ADABTC	NEBLBTC	47.78243000133398
ADABTC	OSTBTC	1.1377352391968356
ADABTC	PPTBTC	114.66646111023564
ADABTC	TNBBTC	0.23414135161891667
ADABTC	WABIBTC	5.311359082599232
ADABTC	WAVESBTC	55.871269735811026
ADXBTC	ADABTC	0.23266729413095988
ADXBTC	AIONBTC	3.5883868155180485
ADXBTC	BRDBTC	0.9553816034211375
ADXBTC	CMTBTC	10.82703453291579
ADXBTC	CNDBTC	0.11621695088363687
ADXBTC	ELFBTC	1.3065058093101272
ADXBTC	GTOBTC	0.3360022437387953
ADXBTC	ICXBTC	4.059595784652417
ADXBTC	NAVBTC	1.4104016606407026
ADXBTC	NEBLBTC	12.429020022642185
ADXBTC	OSTBTC	0.28521948128750585
ADXBTC	PPTBTC	26.370694953814656
ADXBTC	TNBBTC	0.06277764771620072
ADXBTC	WABIBTC	1.3528950781886075
ADXBTC	WAVESBTC	18.956892224512345
ADXBTC	XLMBTC	1.7791322666483236
AIONBTC	BRDBTC	0.6938956576115446
AIONBTC	NAVBTC	0.42308208813017484
AIONBTC	NEBLBTC	3.943741380912039
AMBBTC	ADABTC	0.4421197246442715
AMBBTC	ADXBTC	1.6715036009955373
AMBBTC	AIONBTC	5.399671582542559
AMBBTC	BCDBTC	58.98226083613358
AMBBTC	BCPTBTC	0.9849918262648092
AMBBTC	BRDBTC	0.9468593018804701
AMBBTC	BTSBTC	0.43525079208222606
AMBBTC	CDTBTC	0.10397726957516845
AMBBTC	CMTBTC	0.39881312592374357
AMBBTC	CNDBTC	0.19455044709200978
AMBBTC	ELFBTC	2.0997984914761094
AMBBTC	GTOBTC	0.5997463343086242
AMBBTC	GXSBTC	6.311370489284916
AMBBTC	ICXBTC	7.083617198400261
AMBBTC	LSKBTC	26.447723530579836
AMBBTC	MANABTC	0.16597657196374682
AMBBTC	NAVBTC	2.5257425156128277
AMBBTC	NEBLBTC	22.19035524292931
AMBBTC	OSTBTC	0.4823520112604223
AMBBTC	POEBTC	0.09583377364838472
AMBBTC	PPTBTC	42.952614328968
AMBBTC	QSPBTC	0.3818881743739342
AMBBTC	TNBBTC	0.10227419642460149
AMBBTC	WABIBTC	2.1781273077952363
AMBBTC	XLMBTC	0.5547524938544554
AMBBTC	XZCBTC	67.48797082344797
ARKBTC	ADABTC	0.07291678948882055
ARKBTC	ADXBTC	0.29443772167306925
ARKBTC	AIONBTC	0.944802448302222
ARKBTC	AMBBTC	0.16656204281854087
ARKBTC	BCDBTC	9.484638204145025
ARKBTC	BCPTBTC	0.17067781106924768
ARKBTC	BRDBTC	0.22134642707361013
ARKBTC	BTSBTC	0.057432202733197796
ARKBTC	CDTBTC	0.01873384288494263
ARKBTC	CNDBTC	0.03286177769923004
ARKBTC	DLTBTC	0.09923730674665822
ARKBTC	ELFBTC	0.34359535864267804
ARKBTC	GTOBTC	0.09433184184932099
ARKBTC	GVTBTC	7.096579766732967
ARKBTC	GXSBTC	0.9478453993944161
ARKBTC	ICXBTC	1.1795969334687335
ARKBTC	KMDBTC	0.9372846322972459
ARKBTC	LSKBTC	4.2876422468796695
ARKBTC	MANABTC	0.028584399508130517
ARKBTC	NAVBTC	0.418944623191081
ARKBTC	NEBLBTC	3.6900878533786696
ARKBTC	NULSBTC	1.1459309076961481
ARKBTC	OSTBTC	0.08551979256750519
ARKBTC	POEBTC	0.01590596134680026
ARKBTC	PPTBTC	7.0173135437236835
ARKBTC	QSPBTC	0.06553201532817061
ARKBTC	RCNBTC	0.010795350744682387
ARKBTC	RDNBTC	0.6966068283898935
ARKBTC	STORJBTC	0.25718104232304345
ARKBTC	TNBBTC	0.01830493852725418
ARKBTC	WABIBTC	0.3994717194711233
ARKBTC	XMRBTC	54.18862115579502
ARKBTC	XRPBTC	0.08899336186823603
ARKBTC	XZCBTC	11.478753200748944
ASTBTC	ADABTC	0.5076643481355163
ASTBTC	ADXBTC	1.918722477385693
ASTBTC	AIONBTC	6.104684893417364
ASTBTC	ARKBTC	6.395823775434582
ASTBTC	BCDBTC	61.969875743024936
ASTBTC	BCPTBTC	1.063246439134189
ASTBTC	BRDBTC	1.2397735824160103
ASTBTC	BTGBTC	153.13635077107332
ASTBTC	BTSBTC	0.3739136399425779
ASTBTC	CDTBTC	0.12119681264226756
ASTBTC	CNDBTC	0.20866121631860407
ASTBTC	DASHBTC	735.0722386571556
ASTBTC	DLTBTC	0.5946595851716072
ASTBTC	ELFBTC	2.1643997035076636
ASTBTC	EVXBTC	2.97549923011003
ASTBTC	GTOBTC	0.5974201823829054
ASTBTC	GXSBTC	6.3478524731785
ASTBTC	ICXBTC	7.672205225838553
ASTBTC	KMDBTC	5.921708441289861
ASTBTC	LSKBTC	28.34174935985064
ASTBTC	MANABTC	0.13869134260114388
ASTBTC	NAVBTC	2.680727088844954
ASTBTC	NEBLBTC	23.134071932393862
ASTBTC	OAXBTC	1.3345592250909393
ASTBTC	OSTBTC	0.544479313549558
ASTBTC	POEBTC	0.10278054332231835
ASTBTC	POWRBTC	0.931214505394519
ASTBTC	PPTBTC	48.175229698993434
ASTBTC	QSPBTC	0.4253688644905369
ASTBTC	RCNBTC	0.22211702404484143
ASTBTC	RDNBTC	4.446098158031533
ASTBTC	REQBTC	0.4988648809440356
ASTBTC	STORJBTC	1.6088595116010225
ASTBTC	TNBBTC	0.11895161129602337
ASTBTC	TRXBTC	0.0731090041996246
ASTBTC	VIBBTC	0.3766824393639961
ASTBTC	WABIBTC	2.526954200312433
ASTBTC	XMRBTC	339.2425342586948
ASTBTC	XRPBTC	0.8201376417877035
ASTBTC	XZCBTC	71.92953624479337
BATBTC	ADABTC	0.32402190812416903
BATBTC	ADXBTC	0.5611765474486692
BATBTC	AIONBTC	-3.7864167427580164
BATBTC	BCDBTC	65.10992282745781
BATBTC	BRDBTC	2.376431574368553
BATBTC	BTSBTC	0.3246453114543388
BATBTC	CDTBTC	0.06939272663364
BATBTC	MANABTC	0.32623514671693554
BATBTC	TNBBTC	0.018674522763312055
BATBTC	XZCBTC	43.53233099908883
BCDBTC	ADABTC	0.007355027470455574
BCDBTC	ADXBTC	0.0307083547963472
BCDBTC	AIONBTC	0.1011928991337867
BCDBTC	BRDBTC	0.025520070652417966
BCDBTC	CMTBTC	0.008497169085483857
BCDBTC	CNDBTC	0.003411900211230216
BCDBTC	ELFBTC	0.03536096756325445
BCDBTC	GTOBTC	0.010078012479774275
BCDBTC	ICXBTC	0.1210514158659495
BCDBTC	NAVBTC	0.04508607495781126
BCDBTC	NEBLBTC	0.3720235743818589
BCDBTC	OSTBTC	0.008900156810244846
BCDBTC	PPTBTC	0.7726023235140895
BCDBTC	TNBBTC	0.0018501093575915763
BCDBTC	WABIBTC	0.04220526391743044
BCDBTC	WAVESBTC	0.2883908311037348
BCDBTC	XLMBTC	0.013545572263715623
BCPTBTC	ADABTC	0.41953235002178196
BCPTBTC	ADXBTC	1.7480966812182275
BCPTBTC	AIONBTC	5.406948380154808
BCPTBTC	BCDBTC	56.9742160942816
BCPTBTC	BRDBTC	1.255781824194755
BCPTBTC	BTSBTC	0.35526143069175403
BCPTBTC	CDTBTC	0.10878068065532649
BCPTBTC	CMTBTC	0.39655128679632146
BCPTBTC	CNDBTC	0.19533555353243579
BCPTBTC	ELFBTC	2.056333154544859
BCPTBTC	GTOBTC	0.5673894691615022
BCPTBTC	GVTBTC	41.74987367698419
BCPTBTC	GXSBTC	6.256993617026631
BCPTBTC	ICXBTC	6.923318519751889
BCPTBTC	LSKBTC	26.130897574694092
BCPTBTC	MANABTC	0.1560292966346387
BCPTBTC	NAVBTC	2.459444703992457
BCPTBTC	NEBLBTC	21.42948375869401
BCPTBTC	OSTBTC	0.4939331104366189
BCPTBTC	POEBTC	0.09432102225035835
BCPTBTC	PPTBTC	43.05557902846094
BCPTBTC	QSPBTC	0.38271766799359064
BCPTBTC	TNBBTC	0.10108711827215479
BCPTBTC	WABIBTC	2.3242208256881467
BCPTBTC	XLMBTC	0.5862697613030126
BCPTBTC	XZCBTC	68.75028683593484
BNBBTC	ADABTC	0.0008200890976276615
BNBBTC	ADXBTC	-0.0031698275774497083
BNBBTC	AIONBTC	-0.013779386127875262
BNBBTC	BCDBTC	-1.1231129333877048
BNBBTC	BTGBTC	1.0828818133610865
BNBBTC	BTSBTC	0.0005198498148580462
BNBBTC	CDTBTC	-0.0005532012460389348
BNBBTC	DASHBTC	3.051095075817464
BNBBTC	ENJBTC	0.008307849585513801
BNBBTC	KMDBTC	0.013372470687536674
BNBBTC	MTLBTC	-0.011516766688721617
BNBBTC	NAVBTC	-0.0070832683276971405
BNBBTC	POWRBTC	0.0008497394193413901
BNBBTC	RCNBTC	-0.00020872739262020357
BNBBTC	REQBTC	-0.002112011123650314
BNBBTC	SNTBTC	-0.000246720942121763
BNBBTC	STORJBTC	-0.00429844672365401
BNBBTC	TNBBTC	-0.0008742518440775128
BNBBTC	TRXBTC	0.00026983376945006023
BNBBTC	VIBBTC	-0.00044568587349242273
BNBBTC	XRPBTC	-0.0036462984232916596
BNBBTC	XZCBTC	0.10851548973602022
BNBBTC	YOYOBTC	-0.0003220454515124789
BNTBTC	ADABTC	0.05481327563264945
BNTBTC	ADXBTC	0.20050573659487037
BNTBTC	AIONBTC	0.6405999488311234
BNTBTC	AMBBTC	0.12423448285973313
BNTBTC	ARKBTC	0.7191613552001506
BNTBTC	ASTBTC	0.11178481554673712
BNTBTC	BRDBTC	0.1369786550029677
BNTBTC	BTGBTC	12.934757004987127
BNTBTC	BTSBTC	0.049846400029528955
BNTBTC	CDTBTC	0.01316720595780564
BNTBTC	CMTBTC	0.0470541637393099
BNTBTC	DASHBTC	80.4900857274159
BNTBTC	DLTBTC	0.06555815678554709
BNTBTC	EVXBTC	0.3225890227013121
BNTBTC	GTOBTC	0.0725346306655469
BNTBTC	ICXBTC	0.8571321245139413
BNTBTC	KMDBTC	0.6275625490326153
BNTBTC	NAVBTC	0.2982070683427944
BNTBTC	OAXBTC	0.1556579614042813
BNTBTC	OSTBTC	0.057686236371964184
BNTBTC	POEBTC	0.01173049492056432
BNTBTC	POWRBTC	0.10041961255592219
BNTBTC	PPTBTC	4.991819946481444
BNTBTC	QSPBTC	0.04779365661020511
BNTBTC	RCNBTC	0.014509704577057008
BNTBTC	RDNBTC	0.4607059462489736
BNTBTC	REQBTC	0.048600438384467204
BNTBTC	STORJBTC	0.18534538932786615
BNTBTC	TNBBTC	0.012852738627447525
BNTBTC	TRXBTC	0.010002644919152653
BNTBTC	VIBBTC	0.04078308806056978
BNTBTC	WABIBTC	0.25643382135572185
BNTBTC	XRPBTC	0.09147919784189046
BNTBTC	XZCBTC	7.659028269927558
BQXBTC	ADABTC	0.0674372504770542
BQXBTC	ADXBTC	0.27584528998864116
BQXBTC	AIONBTC	0.8906063211679923
BQXBTC	AMBBTC	0.1539970098311572
BQXBTC	ARKBTC	0.9271732288317873
BQXBTC	ASTBTC	0.1448467086602901
BQXBTC	BCDBTC	9.24708296891338
BQXBTC	BCPTBTC	0.16002644387159967
BQXBTC	BNTBTC	1.2248288302546244
BQXBTC	BTGBTC	20.399771463225797
BQXBTC	BTSBTC	0.054598636331669635
BQXBTC	CDTBTC	0.0174362913272213
BQXBTC	CNDBTC	0.02984915627784092
BQXBTC	DASHBTC	108.62463230951946
BQXBTC	DLTBTC	0.07960479440918007
BQXBTC	DNTBTC	0.02422595886782937
BQXBTC	ELFBTC	0.31532062300900454
BQXBTC	ENGBTC	0.6193893746500736
BQXBTC	EOSBTC	3.579581985589493
BQXBTC	ETCBTC	4.960204496829689
BQXBTC	EVXBTC	0.4119332579751869
BQXBTC	FUNBTC	0.014817891758763285
BQXBTC	GTOBTC	0.08990467577797116
BQXBTC	GVTBTC	7.100588090210101
BQXBTC	GXSBTC	0.9062912298216846
BQXBTC	ICXBTC	1.1078181479442402
BQXBTC	IOTABTC	0.44005605467759396
BQXBTC	KMDBTC	0.8221666500430672
BQXBTC	KNCBTC	0.5048493465091243
BQXBTC	LSKBTC	4.071030730241495
BQXBTC	MANABTC	0.020276164593417204
BQXBTC	MTHBTC	0.03713899847741744
BQXBTC	MTLBTC	1.0555991844361687
BQXBTC	NAVBTC	0.38855045525207244
BQXBTC	NEBLBTC	3.4246577017965274
BQXBTC	NULSBTC	0.9656485914170099
BQXBTC	OAXBTC	0.19377137740762784
BQXBTC	OSTBTC	0.07662394815234683
BQXBTC	POEBTC	0.014776137929977878
BQXBTC	POWRBTC	0.12644380240953723
BQXBTC	PPTBTC	6.889015583170091
BQXBTC	QSPBTC	0.06051914756082366
BQXBTC	RCNBTC	0.026463941253126125
BQXBTC	RDNBTC	0.6298877048086834
BQXBTC	REQBTC	0.06894764266957988
BQXBTC	SNMBTC	0.06500607689145269
BQXBTC	SNTBTC	0.03862685096110533
BQXBTC	STORJBTC	0.22720949596277057
BQXBTC	TNBBTC	0.016686730691524185
BQXBTC	TRXBTC	0.01181020569594165
BQXBTC	VIBBTC	0.05503599580646557
BQXBTC	WABIBTC	0.3523935091253556
BQXBTC	XMRBTC	48.6551263887322
BQXBTC	XRPBTC	0.0421589586155273
BQXBTC	XVGBTC	0.016910881578659387
BQXBTC	XZCBTC	10.875056841885982
BQXBTC	ZECBTC	79.35200012104528
BRDBTC	NAVBTC	1.707258948600448
BTGBTC	ADABTC	0.0010352224208102737
BTGBTC	ADXBTC	0.012828358889107222
BTGBTC	AIONBTC	0.061665799141943305
BTGBTC	AMBBTC	0.007807542274212352
BTGBTC	ARKBTC	0.045218055673498764
BTGBTC	BATBTC	0.006865325496257255
BTGBTC	BCDBTC	0.3744121458423989
BTGBTC	BCPTBTC	0.007096648370338421
BTGBTC	BRDBTC	0.009811717182464588
BTGBTC	BTSBTC	-0.006140615486402778
BTGBTC	CDTBTC	0.000788572880592238
BTGBTC	CMTBTC	0.01351019967748658
BTGBTC	CNDBTC	0.001317063310506912
BTGBTC	DLTBTC	0.004414928970116144
BTGBTC	ELFBTC	0.016366801924829907
BTGBTC	ENJBTC	0.008076740910549305
BTGBTC	EVXBTC	0.020838217922521794
BTGBTC	GTOBTC	0.0048926964802414276
BTGBTC	GVTBTC	0.36374165524768054
BTGBTC	GXSBTC	0.06922650048715268
BTGBTC	ICXBTC	0.05423811868328515
BTGBTC	KMDBTC	0.048991067524974986
BTGBTC	LSKBTC	0.18943329744054765
BTGBTC	MANABTC	0.001667570224643943
BTGBTC	NAVBTC	0.01790460445086048
BTGBTC	NEBLBTC	0.15207188860858994
BTGBTC	NULSBTC	0.05479370942043114
BTGBTC	OSTBTC	0.0034650294718902605
BTGBTC	POEBTC	0.000651073120997405
BTGBTC	POWRBTC	0.007237349376887681
BTGBTC	PPTBTC	0.2838961237416104
BTGBTC	QSPBTC	0.0028711482377888997
BTGBTC	RCNBTC	0.018706023340985777
BTGBTC	RDNBTC	0.029028520878276887
BTGBTC	REQBTC	0.0037387536791375206
BTGBTC	STORJBTC	0.016607601444596796
BTGBTC	TNBBTC	0.000752482832086729
BTGBTC	TRXBTC	0.0008076250176156282
BTGBTC	VIBBTC	0.0024263803858837595
BTGBTC	WABIBTC	0.01633464560041043
BTGBTC	WAVESBTC	0.26819320306469546
BTGBTC	XLMBTC	0.012678081490260899
BTGBTC	XMRBTC	2.815469002811537
BTGBTC	XRPBTC	0.04324227633286107
BTGBTC	XZCBTC	0.2735993492371739
BTSBTC	ADABTC	0.2665667219390007
BTSBTC	ADXBTC	-29.611756718708424
BTSBTC	AIONBTC	33.472244100512505
BTSBTC	BCDBTC	151.42843664912655
BTSBTC	BRDBTC	4.070320145610607
BTSBTC	CMTBTC	1.3504237409202668
BTSBTC	CNDBTC	0.5638609641036666
BTSBTC	ELFBTC	4.944903378592707
BTSBTC	GTOBTC	1.4980254102829649
BTSBTC	ICXBTC	20.673083153201976
BTSBTC	LSKBTC	81.00510456831603
BTSBTC	MANABTC	0.5069657444298065
BTSBTC	NAVBTC	12.206276957779549
BTSBTC	NEBLBTC	55.839734766844884
BTSBTC	OSTBTC	1.5996722345268657
BTSBTC	PPTBTC	240.5944659821464
BTSBTC	TNBBTC	0.26975038737048046
BTSBTC	WABIBTC	7.816387891718999
BTSBTC	WAVESBTC	53.24317184751087
BTSBTC	XLMBTC	1.973794806471366
BTSBTC	XZCBTC	15849.985056549946
CDTBTC	ADABTC	3.9168143288979222
CDTBTC	ADXBTC	15.49822983849295
CDTBTC	AIONBTC	54.74632102325584
CDTBTC	BCDBTC	505.30210053716894
CDTBTC	BRDBTC	14.289193445138922
CDTBTC	BTSBTC	1.6966332396463273
CDTBTC	CMTBTC	10.347387653497364
CDTBTC	CNDBTC	1.8331817498950074
CDTBTC	ELFBTC	19.94135839827689
CDTBTC	GTOBTC	5.271028865149962
CDTBTC	GXSBTC	66.22162927623506
CDTBTC	ICXBTC	62.51581413659969
CDTBTC	LSKBTC	236.3030763704717
CDTBTC	MANABTC	2.065532453076125
CDTBTC	NAVBTC	21.91019491143511
CDTBTC	NEBLBTC	190.91810621923727
CDTBTC	OSTBTC	4.423742006800944
CDTBTC	POEBTC	0.831853615087994
CDTBTC	PPTBTC	387.8078800252678
CDTBTC	QSPBTC	3.436387788068652
CDTBTC	TNBBTC	0.9514242369609988
CDTBTC	WABIBTC	20.639042617912146
CDTBTC	WAVESBTC	227.04816352319958
CDTBTC	XLMBTC	13.893118446640768
CDTBTC	XZCBTC	632.5597408252381
CMTBTC	AIONBTC	-33.056998412441395
CMTBTC	CNDBTC	0.528988469037542
CMTBTC	ELFBTC	4.9458594592132865
CMTBTC	GTOBTC	1.425711003950224
CMTBTC	NEBLBTC	51.753988032136746
CMTBTC	TNBBTC	0.15017317780154146
CNDBTC	AIONBTC	27.155061509282497
CNDBTC	BRDBTC	5.912564983689943
CNDBTC	ELFBTC	10.490765470766423
CNDBTC	GTOBTC	2.840152461861637
CNDBTC	ICXBTC	36.67879714525335
CNDBTC	NAVBTC	13.368150996202402
CNDBTC	NEBLBTC	110.21216406533213
CNDBTC	OSTBTC	2.5826846111284336
CNDBTC	TNBBTC	0.4972477194335881
CNDBTC	WABIBTC	12.210817386611255
DASHBTC	ADABTC	0.00046574058194769253
DASHBTC	ADXBTC	0.0021834217779923212
DASHBTC	AIONBTC	0.012025454011155234
DASHBTC	AMBBTC	0.0013602507290143612
DASHBTC	ARKBTC	0.008442191955544458
DASHBTC	BATBTC	0.0013873982122789201
DASHBTC	BCDBTC	0.07578142888748879
DASHBTC	BCPTBTC	0.0013517456779733393
DASHBTC	BRDBTC	0.0019259881042775512
DASHBTC	BTGBTC	0.1474889137103878
DASHBTC	BTSBTC	0.00044620850681695816
DASHBTC	CDTBTC	0.00014310395849368443
DASHBTC	CNDBTC	0.0002769609049867072
DASHBTC	DLTBTC	0.0008463562359428109
DASHBTC	ELFBTC	0.0028621806553032017
DASHBTC	EVXBTC	0.003956944276564212
DASHBTC	GTOBTC	0.0007350151701850347
DASHBTC	GVTBTC	0.056835575071026836
DASHBTC	GXSBTC	0.007816595370522657
DASHBTC	ICXBTC	0.010111965383989698
DASHBTC	KMDBTC	0.00758430723931129
DASHBTC	LSKBTC	0.03620433181170416
DASHBTC	MANABTC	0.00027853824294352337
DASHBTC	NAVBTC	0.0032966305579344014
DASHBTC	NEBLBTC	0.029990655035170816
DASHBTC	NULSBTC	0.009130626261902551
DASHBTC	OAXBTC	0.001696964503018049
DASHBTC	OSTBTC	0.0007249126495055353
DASHBTC	POEBTC	0.00012899974777359335
DASHBTC	POWRBTC	0.0010848203316993063
DASHBTC	PPTBTC	0.0662905700067317
DASHBTC	QSPBTC	0.0005283659476409752
DASHBTC	RCNBTC	-0.00017855416244723173
DASHBTC	RDNBTC	0.00608489619938955
DASHBTC	REQBTC	0.0003192030551130866
DASHBTC	STORJBTC	0.002307873775026078
DASHBTC	TNBBTC	0.0001456906489974706
DASHBTC	TRXBTC	0.00013861136216332886
DASHBTC	VIBBTC	0.00046184113022902944
DASHBTC	WABIBTC	0.003511945933602628
DASHBTC	WAVESBTC	0.03523340643961311
DASHBTC	XMRBTC	0.43795456657249987
DASHBTC	XRPBTC	0.00030594040433209877
DASHBTC	XZCBTC	0.08498483765664269
DLTBTC	ADABTC	0.5399490039202355
DLTBTC	ADXBTC	2.7560166659516327
DLTBTC	AIONBTC	13.842890239841076
DLTBTC	AMBBTC	1.9779315025969775
DLTBTC	BATBTC	0.9031343139440693
DLTBTC	BCDBTC	87.95832610352329
DLTBTC	BCPTBTC	1.7780698927381764
DLTBTC	BRDBTC	2.4420224690634003
DLTBTC	BTSBTC	0.3809193653585149
DLTBTC	CDTBTC	0.18082810372788954
DLTBTC	CNDBTC	0.34409262598534085
DLTBTC	ELFBTC	3.897455754913358
DLTBTC	GXSBTC	12.250535907430338
DLTBTC	ICXBTC	11.825478070787828
DLTBTC	LSKBTC	48.60241017272375
DLTBTC	MANABTC	0.30150681136998286
DLTBTC	NAVBTC	3.8639299278492416
DLTBTC	NEBLBTC	36.62079972901772
DLTBTC	OSTBTC	0.9051287565966671
DLTBTC	POEBTC	0.17837256357989426
DLTBTC	PPTBTC	69.9421063446631
DLTBTC	QSPBTC	0.6483163431925272
DLTBTC	TNBBTC	0.169992397020258
DLTBTC	WABIBTC	3.989126754085302
DLTBTC	WAVESBTC	21.452734917971167
DLTBTC	XZCBTC	91.78735035510705
DNTBTC	ADABTC	2.9142772677860806
DNTBTC	ADXBTC	11.024586808245179
DNTBTC	AIONBTC	35.3338942363108
DNTBTC	AMBBTC	6.332521393791804
DNTBTC	ARKBTC	37.51916646302537
DNTBTC	ASTBTC	5.970846815000698
DNTBTC	BCDBTC	358.5849519931248
DNTBTC	BCPTBTC	6.60435876548013
DNTBTC	BNTBTC	50.89419577661596
DNTBTC	BRDBTC	8.434757307995032
DNTBTC	BTGBTC	875.0091210497372
DNTBTC	BTSBTC	2.6453115183466944
DNTBTC	CDTBTC	0.7025744277470231
DNTBTC	CMTBTC	2.7160116760979864
DNTBTC	CNDBTC	1.2722841576138062
DNTBTC	DASHBTC	4684.281524812668
DNTBTC	DLTBTC	3.6909573723680054
DNTBTC	ELFBTC	13.302088776040577
DNTBTC	EVXBTC	18.009370112800223
DNTBTC	GTOBTC	3.6550472386007193
DNTBTC	GVTBTC	301.97668334458064
DNTBTC	GXSBTC	40.76445647617064
DNTBTC	ICXBTC	44.17892583860575
DNTBTC	KMDBTC	35.68185934455067
DNTBTC	LSKBTC	172.83422409235226
DNTBTC	MANABTC	1.1652889715413306
DNTBTC	NAVBTC	15.681123546459043
DNTBTC	NEBLBTC	137.57060407423373
DNTBTC	NULSBTC	41.73143693629841
DNTBTC	OAXBTC	8.002615837385784
DNTBTC	OSTBTC	3.153449168354607
DNTBTC	POEBTC	0.5998760804968101
DNTBTC	POWRBTC	5.59890247098705
DNTBTC	PPTBTC	273.93510235069243
DNTBTC	QSPBTC	2.443112657638959
DNTBTC	RCNBTC	1.1670492123174383
DNTBTC	RDNBTC	25.376545765472017
DNTBTC	REQBTC	2.8736689491036644
DNTBTC	STORJBTC	9.897732981913718
DNTBTC	TNBBTC	0.6742014309883159
DNTBTC	TRXBTC	0.5932557638356598
DNTBTC	VIBBTC	2.2111557174687304
DNTBTC	WABIBTC	14.684621912459722
DNTBTC	WAVESBTC	90.08236156850299
DNTBTC	XLMBTC	4.165397457044268
DNTBTC	XMRBTC	2023.1803569050608
DNTBTC	XRPBTC	7.816762153682309
DNTBTC	XZCBTC	438.21068261691073
DNTBTC	ZECBTC	3295.7615438874823
ELFBTC	AIONBTC	2.6591983089469626
ELFBTC	BRDBTC	0.48150733318763983
ELFBTC	NAVBTC	1.1972301379618409
ELFBTC	NEBLBTC	10.421690973105662
ENGBTC	ADABTC	0.10712091877061194
ENGBTC	ADXBTC	0.41590605261721253
ENGBTC	AIONBTC	1.608902658770531
ENGBTC	AMBBTC	0.24315631216230574
ENGBTC	ARKBTC	1.5296962575310449
ENGBTC	ASTBTC	0.23786627112245065
ENGBTC	BCDBTC	14.064446702345549
ENGBTC	BCPTBTC	0.2585454201179744
ENGBTC	BNTBTC	2.0470286578118504
ENGBTC	BRDBTC	0.34991854092784413
ENGBTC	BTGBTC	29.18747383234065
ENGBTC	BTSBTC	0.09349347172864214
ENGBTC	CDTBTC	0.028373946582793866
ENGBTC	CNDBTC	0.05076864299889383
ENGBTC	DASHBTC	182.2442013693736
ENGBTC	DLTBTC	0.14964346862379352
ENGBTC	DNTBTC	0.03957003917512048
ENGBTC	ELFBTC	0.516778515062263
ENGBTC	EVXBTC	0.7240269686733297
ENGBTC	GTOBTC	0.14300373151386828
ENGBTC	GXSBTC	1.611505502802988
ENGBTC	ICXBTC	1.8008033268178167
ENGBTC	KMDBTC	1.4088687538874163
ENGBTC	LSKBTC	6.8007290675722745
ENGBTC	MANABTC	0.04809472779194727
ENGBTC	NAVBTC	0.6178245362109612
ENGBTC	NEBLBTC	5.487287223752759
ENGBTC	NULSBTC	1.6195031475821837
ENGBTC	OAXBTC	0.3154107701405651
ENGBTC	OSTBTC	0.12968818879014898
ENGBTC	POEBTC	0.023848270504455638
ENGBTC	POWRBTC	0.1971470570824686
ENGBTC	PPTBTC	10.604450308831863
ENGBTC	QSPBTC	0.09941215472144208
ENGBTC	RCNBTC	-0.022293581142288993
ENGBTC	RDNBTC	1.1750396861951087
ENGBTC	REQBTC	0.14265653793016023
ENGBTC	STORJBTC	0.40572936064724846
ENGBTC	TNBBTC	0.02713081189068726
ENGBTC	TRXBTC	0.02329124295849531
ENGBTC	VIBBTC	0.0855028325335851
ENGBTC	WABIBTC	0.6395745475910211
ENGBTC	XMRBTC	84.47468583592914
ENGBTC	XRPBTC	-0.24855242735178715
ENGBTC	XZCBTC	15.740247644746766
ENGBTC	ZECBTC	133.86185899523284
ENJBTC	ADABTC	0.4516631790532244
ENJBTC	ADXBTC	1.650538132266623
ENJBTC	AIONBTC	3.612760927727042
ENJBTC	BATBTC	1.6551257792771612
ENJBTC	BTSBTC	0.07055135352166549
ENJBTC	KMDBTC	3.5760722339324036
ENJBTC	RCNBTC	0.18867483191924178
ENJBTC	TNBBTC	-0.008211245051628223
ENJBTC	XZCBTC	50.52579701094533
EOSBTC	ADABTC	0.016049710653290635
EOSBTC	ADXBTC	0.05360055944049406
EOSBTC	AIONBTC	0.16524195381360443
EOSBTC	ARKBTC	0.2547155661381477
EOSBTC	ASTBTC	0.03880665296917711
EOSBTC	BCPTBTC	0.041502793559094905
EOSBTC	BTGBTC	4.100817388665624
EOSBTC	CDTBTC	0.00405858601444667
EOSBTC	DASHBTC	28.376180627756362
EOSBTC	DLTBTC	0.020836982288672607
EOSBTC	DNTBTC	0.007126025783469458
EOSBTC	ENGBTC	0.18053666073789126
EOSBTC	EVXBTC	0.1250066828157775
EOSBTC	GTOBTC	0.026492608497912497
EOSBTC	ICXBTC	0.28986199641002625
EOSBTC	KMDBTC	0.2398501488864243
EOSBTC	MTHBTC	0.00892159504819445
EOSBTC	NAVBTC	0.06425147344378522
EOSBTC	NEBLBTC	0.9652134004048393
EOSBTC	OAXBTC	0.06068986819189857
EOSBTC	OSTBTC	0.01625042681717403
EOSBTC	POEBTC	0.003717228389382237
EOSBTC	POWRBTC	0.03206380882513342
EOSBTC	PPTBTC	1.6288324256982478
EOSBTC	QSPBTC	0.01454799036065724
EOSBTC	RCNBTC	0.002757763248078185
EOSBTC	RDNBTC	0.1278608307171879
EOSBTC	REQBTC	0.010302217516200222
EOSBTC	SNTBTC	0.008212470708702662
EOSBTC	STORJBTC	0.071270122757143
EOSBTC	TNBBTC	0.004266770477552376
EOSBTC	VIBBTC	0.013987577488063497
EOSBTC	WABIBTC	0.08585677248886153
EOSBTC	WAVESBTC	0.49353732951553286
EOSBTC	XMRBTC	17.934948674829958
EOSBTC	XRPBTC	0.05276778722679952
EOSBTC	XZCBTC	2.3173661239720365
ETCBTC	ADABTC	0.009689475877948009
ETCBTC	ADXBTC	0.041785404008092504
ETCBTC	AIONBTC	0.11732403700006457
ETCBTC	AMBBTC	0.030527567346590973
ETCBTC	ARKBTC	0.18842516302937723
ETCBTC	ASTBTC	0.028825675691366216
ETCBTC	BCDBTC	1.6789717036432774
ETCBTC	BNTBTC	0.26961019156436494
ETCBTC	BRDBTC	0.03581061425424566
ETCBTC	BTGBTC	2.559732901827297
ETCBTC	BTSBTC	0.011560662893743972
ETCBTC	CDTBTC	0.0028529482634296432
ETCBTC	CMTBTC	0.011614895136406712
ETCBTC	CNDBTC	0.00585793379529765
ETCBTC	DASHBTC	22.91195687055805
ETCBTC	DLTBTC	0.015160007941380966
ETCBTC	DNTBTC	0.004545287267586878
ETCBTC	ENGBTC	0.11514726014020121
ETCBTC	EVXBTC	0.07521794690793521
ETCBTC	GTOBTC	0.01735430997002228
ETCBTC	GXSBTC	0.19793977128414447
ETCBTC	ICXBTC	0.20978413985534464
ETCBTC	KMDBTC	0.1438507428061151
ETCBTC	LSKBTC	0.8356044848455656
ETCBTC	MTHBTC	0.006936553140864916
ETCBTC	NAVBTC	0.06935240700378069
ETCBTC	OAXBTC	0.03709483455202795
ETCBTC	OSTBTC	0.014689691024582677
ETCBTC	POEBTC	0.0028408622089913507
ETCBTC	POWRBTC	0.023301188108327788
ETCBTC	PPTBTC	1.2020395463741602
ETCBTC	QSPBTC	0.011255830363376206
ETCBTC	RCNBTC	0.0012108868266847287
ETCBTC	RDNBTC	0.1307017368617471
ETCBTC	REQBTC	0.007736102033107135
ETCBTC	STORJBTC	0.043489757795519245
ETCBTC	TNBBTC	0.0029160809278399413
ETCBTC	TRXBTC	0.0023458428438174134
ETCBTC	VIBBTC	0.00918106254473774
ETCBTC	WABIBTC	0.06966612935002936
ETCBTC	XLMBTC	0.016822606396741123
ETCBTC	XRPBTC	0.023260234850006917
ETCBTC	XZCBTC	1.6354446975746346
ETCBTC	ZECBTC	16.393483282693257
ETHBTC	ADABTC	0.0004392162936275736
ETHBTC	ADXBTC	0.0016529554343065655
ETHBTC	AIONBTC	0.005200760014600108
ETHBTC	AMBBTC	0.0009832231894364124
ETHBTC	ARKBTC	0.005958755476608117
ETHBTC	ASTBTC	0.0008878060497322643
ETHBTC	BNTBTC	0.008109412561189043
ETHBTC	BQXBTC	0.006522066760215618
ETHBTC	BRDBTC	0.0011187238271782832
ETHBTC	BTGBTC	0.10899531474134677
ETHBTC	BTSBTC	0.0003786602386929769
ETHBTC	CDTBTC	0.00010708762858040633
ETHBTC	CMTBTC	0.0003647683615988426
ETHBTC	DASHBTC	0.6627853260997737
ETHBTC	DLTBTC	0.0005306934757607306
ETHBTC	DNTBTC	0.00015444187747422624
ETHBTC	ENGBTC	0.003939100750057072
ETHBTC	EVXBTC	0.0026220210255537705
ETHBTC	FUNBTC	9.441325707350919e-05
ETHBTC	GTOBTC	0.0005790207781064089
ETHBTC	ICXBTC	0.006949002249384432
ETHBTC	IOTABTC	0.0027941846390579167
ETHBTC	KMDBTC	0.005033686911198175
ETHBTC	KNCBTC	0.0032182062409641275
ETHBTC	LRCBTC	0.0011267237705688568
ETHBTC	MTHBTC	0.00022989036689324244
ETHBTC	MTLBTC	0.006040605420959649
ETHBTC	NAVBTC	0.002435588495625888
ETHBTC	OAXBTC	0.0012335481762811567
ETHBTC	OMGBTC	0.024097283631267244
ETHBTC	OSTBTC	0.0004677038717669864
ETHBTC	POEBTC	9.382670043400411e-05
ETHBTC	POWRBTC	0.0008209148192059595
ETHBTC	PPTBTC	0.0414834895232378
ETHBTC	QSPBTC	0.0003862929952720755
ETHBTC	QTUMBTC	0.03612080210307619
ETHBTC	RCNBTC	0.00013993769067567111
ETHBTC	RDNBTC	0.003940712137912988
ETHBTC	REQBTC	0.00039469675898976545
ETHBTC	SNGLSBTC	0.00018897239377640198
ETHBTC	SNMBTC	0.00042866812538265207
ETHBTC	SNTBTC	0.00022743996101552447
ETHBTC	STORJBTC	0.0014928727839419967
ETHBTC	STRATBTC	0.010966778629604115
ETHBTC	TNBBTC	0.00010306078014383341
ETHBTC	TRXBTC	7.741823346511143e-05
ETHBTC	VIBBTC	0.0003351124953982477
ETHBTC	WABIBTC	0.002146199983274047
ETHBTC	XRPBTC	0.0006814288931785688
ETHBTC	XVGBTC	0.00010407461237101179
ETHBTC	XZCBTC	0.0628725598175873
ETHBTC	YOYOBTC	0.00022554324951735158
EVXBTC	ADABTC	0.13794309344541283
EVXBTC	ADXBTC	0.5518198575465671
EVXBTC	AIONBTC	1.7487440518063555
EVXBTC	AMBBTC	0.39363483117580245
EVXBTC	ARKBTC	2.090984332466831
EVXBTC	BATBTC	0.19410500174485182
EVXBTC	BCDBTC	18.897502945167158
EVXBTC	BCPTBTC	0.36088151273195684
EVXBTC	BRDBTC	0.45769858387509504
EVXBTC	BTSBTC	0.10832058787684257
EVXBTC	CDTBTC	0.037675037108385885
EVXBTC	CNDBTC	0.0696723930038248
EVXBTC	DLTBTC	0.21065867914550282
EVXBTC	ELFBTC	0.768352676805181
EVXBTC	ENJBTC	0.12046263538245407
EVXBTC	GTOBTC	0.20413876320745797
EVXBTC	GXSBTC	2.3217382915962985
EVXBTC	ICXBTC	2.479321859781979
EVXBTC	KMDBTC	1.9511517275117802
EVXBTC	LSKBTC	9.73243796444038
EVXBTC	MANABTC	0.06243727055586076
EVXBTC	NAVBTC	0.9116540262885608
EVXBTC	NEBLBTC	7.554858597481356
EVXBTC	NULSBTC	2.4894275104672543
EVXBTC	OSTBTC	0.17690149798457466
EVXBTC	POEBTC	0.034429490712033675
EVXBTC	POWRBTC	0.272002764561457
EVXBTC	PPTBTC	14.88275214624289
EVXBTC	QSPBTC	0.13509944548220126
EVXBTC	RCNBTC	0.02858450182024557
EVXBTC	RDNBTC	1.539498741313802
EVXBTC	REQBTC	0.13866778838091307
EVXBTC	STORJBTC	0.5675140402456301
EVXBTC	TNBBTC	0.03395066927953004
EVXBTC	TRXBTC	0.03187453694426301
EVXBTC	VIBBTC	0.11646478002199574
EVXBTC	WABIBTC	0.8098241836955042
EVXBTC	WAVESBTC	5.4643547244042665
EVXBTC	XMRBTC	117.18300404812042
EVXBTC	XRPBTC	0.719754098737725
EVXBTC	XZCBTC	21.777487500864755
FUNBTC	ADABTC	4.444505702763617
FUNBTC	ADXBTC	18.238213625436234
FUNBTC	AIONBTC	58.66065550412919
FUNBTC	AMBBTC	10.291173115929222
FUNBTC	ARKBTC	62.35298762363064
FUNBTC	ASTBTC	9.547969349005966
FUNBTC	BCDBTC	610.0129862328721
FUNBTC	BCPTBTC	10.676954723531809
FUNBTC	BNTBTC	84.38451468323309
FUNBTC	BTGBTC	1424.8203181049873
FUNBTC	BTSBTC	4.111553852700282
FUNBTC	CDTBTC	1.1416132660200913
FUNBTC	CNDBTC	2.02240275521023
FUNBTC	DASHBTC	7661.407872416464
FUNBTC	DLTBTC	5.42787745827556
FUNBTC	DNTBTC	1.6641409662408686
FUNBTC	ELFBTC	21.757575529951502
FUNBTC	ENGBTC	41.83560272829115
FUNBTC	EOSBTC	236.9743367126492
FUNBTC	ETCBTC	345.30518803778443
FUNBTC	EVXBTC	27.35085193410026
FUNBTC	GTOBTC	6.001779154293721
FUNBTC	GVTBTC	472.7301223799422
FUNBTC	GXSBTC	64.60758588271227
FUNBTC	ICXBTC	73.33794965511078
FUNBTC	IOTABTC	30.312431048881074
FUNBTC	KMDBTC	57.62004746882109
FUNBTC	LSKBTC	273.0319833281593
FUNBTC	MANABTC	1.705167144465043
FUNBTC	MTHBTC	2.499619168324083
FUNBTC	MTLBTC	77.09736633647454
FUNBTC	NAVBTC	26.123615609903272
FUNBTC	NEBLBTC	228.6096969226221
FUNBTC	NULSBTC	70.12929362763457
FUNBTC	OAXBTC	13.082454063883423
FUNBTC	OSTBTC	5.173416386331583
FUNBTC	POEBTC	0.9961124159472647
FUNBTC	POWRBTC	9.013261627538764
FUNBTC	PPTBTC	442.57037998109956
FUNBTC	QSPBTC	3.9744735090542074
FUNBTC	RCNBTC	1.3068274045029409
FUNBTC	RDNBTC	41.75706386845977
FUNBTC	REQBTC	4.724179290613428
FUNBTC	SNMBTC	4.487444630892258
FUNBTC	SNTBTC	2.388136017356786
FUNBTC	STORJBTC	16.009541810769058
FUNBTC	TNBBTC	1.0941097641071853
FUNBTC	VIBBTC	3.5703906956643086
FUNBTC	WABIBTC	23.77678664173859
FUNBTC	XMRBTC	3314.1759743321045
FUNBTC	XRPBTC	-0.5904646448487382
FUNBTC	XVGBTC	1.164996475511878
FUNBTC	XZCBTC	714.1469544618583
FUNBTC	ZECBTC	5371.022008172484
GASBTC	ADABTC	0.008632702888101527
GASBTC	ADXBTC	0.03409027824681286
GASBTC	AIONBTC	0.11040308551576496
GASBTC	ARKBTC	0.11558818969762506
GASBTC	ASTBTC	0.017345070560849846
GASBTC	BCDBTC	1.124425333042961
GASBTC	BQXBTC	0.11976872829703458
GASBTC	BRDBTC	0.02366681157025815
GASBTC	BTGBTC	2.77554711341836
GASBTC	BTSBTC	0.007489702934076003
GASBTC	CDTBTC	0.002160398338080043
GASBTC	DASHBTC	13.971717872276615
GASBTC	DLTBTC	0.011150231406763408
GASBTC	DNTBTC	0.002987948507543428
GASBTC	ENGBTC	0.07673341801482547
GASBTC	ETCBTC	0.597621271009476
GASBTC	EVXBTC	0.05295225107292059
GASBTC	FUNBTC	0.0018022783244289002
GASBTC	GTOBTC	0.010969992536271024
GASBTC	GXSBTC	0.1182271383253997
GASBTC	ICXBTC	0.1341065234768297
GASBTC	IOTABTC	0.05311478887765456
GASBTC	KMDBTC	0.10677057910489686
GASBTC	KNCBTC	0.0655118688288302
GASBTC	MANABTC	0.0027329609385082585
GASBTC	MCOBTC	0.14714495508347947
GASBTC	MTHBTC	0.004690400468874304
GASBTC	MTLBTC	0.11742762786773177
GASBTC	NAVBTC	0.049251872721362375
GASBTC	OAXBTC	0.02359994496384436
GASBTC	OSTBTC	0.009545620447988913
GASBTC	POEBTC	0.001799861080585163
GASBTC	POWRBTC	0.017146293698077693
GASBTC	PPTBTC	0.8501389473825922
GASBTC	QSPBTC	0.007504318582054953
GASBTC	QTUMBTC	0.7053451518726288
GASBTC	RCNBTC	0.003924851336682648
GASBTC	RDNBTC	0.0796391939902433
GASBTC	REQBTC	0.008952344281915292
GASBTC	SNGLSBTC	0.003865896810406602
GASBTC	SNMBTC	0.008077795323384535
GASBTC	SNTBTC	0.004667036764676293
GASBTC	STORJBTC	0.029230113855500593
GASBTC	STRATBTC	0.23052392842101174
GASBTC	TNBBTC	0.002049559938712562
GASBTC	TRXBTC	0.0014395159690338286
GASBTC	VIBBTC	0.006738135604035187
GASBTC	WABIBTC	0.04497840903169616
GASBTC	XRPBTC	0.015788311854522057
GASBTC	XVGBTC	0.0020669068069954348
GASBTC	XZCBTC	1.3285553473794944
GASBTC	YOYOBTC	0.004496583246739327
GTOBTC	AIONBTC	9.982187909974645
GTOBTC	BRDBTC	2.471281386008347
GTOBTC	ELFBTC	3.4994565137814746
GTOBTC	ICXBTC	12.303850194166918
GTOBTC	NAVBTC	4.358862849882803
GTOBTC	NEBLBTC	37.688229000956994
GTOBTC	OSTBTC	0.9027424682148539
GVTBTC	ADABTC	0.008284171730222922
GVTBTC	ADXBTC	0.037124440640922234
GVTBTC	AIONBTC	0.11451621357595035
GVTBTC	BRDBTC	0.023732415763605193
GVTBTC	BTSBTC	0.00955307909947438
GVTBTC	CDTBTC	0.002211108273581428
GVTBTC	LSKBTC	0.659149852210703
GVTBTC	NAVBTC	0.05471590292525173
GVTBTC	OSTBTC	0.010951442075026682
GVTBTC	POEBTC	0.0020247601846097945
GVTBTC	QSPBTC	0.007817765743325534
GVTBTC	TNBBTC	0.0019048481069215662
GVTBTC	WABIBTC	0.04810204655994577
GVTBTC	XZCBTC	1.495538526105002
GXSBTC	ADABTC	0.04578599783840646
GXSBTC	ADXBTC	0.17712617774233888
GXSBTC	AIONBTC	1.5205633709748203
GXSBTC	BCDBTC	8.379069938992993
GXSBTC	BRDBTC	0.18619429740272983
GXSBTC	BTSBTC	0.06208438050926467
GXSBTC	CMTBTC	0.07269922121116267
GXSBTC	CNDBTC	0.031478454314579386
GXSBTC	ELFBTC	0.3246977829058156
GXSBTC	GTOBTC	0.08768698860740774
GXSBTC	ICXBTC	1.1760590178665347
GXSBTC	MANABTC	0.02782099129950217
GXSBTC	NAVBTC	0.044399787035181236
GXSBTC	NEBLBTC	3.4260604781048434
GXSBTC	OSTBTC	0.07688632984808069
GXSBTC	POEBTC	0.015009643427294933
GXSBTC	PPTBTC	7.494809031432719
GXSBTC	QSPBTC	0.06056187554895752
GXSBTC	TNBBTC	0.015900986017483233
GXSBTC	WABIBTC	0.39086642836986074
GXSBTC	XZCBTC	6.860592468894859
ICXBTC	AIONBTC	0.8227511396838301
ICXBTC	BRDBTC	0.19018146056454577
ICXBTC	ELFBTC	0.28558181783447684
ICXBTC	NAVBTC	0.3622213755965756
ICXBTC	NEBLBTC	3.1028269739292607
ICXBTC	OSTBTC	0.07179948905595776
IOTABTC	ADABTC	0.11909554835826057
IOTABTC	ADXBTC	0.4408854759672581
IOTABTC	AIONBTC	2.3953676008840223
IOTABTC	AMBBTC	0.33618621398231074
IOTABTC	ARKBTC	2.143506247654498
IOTABTC	ASTBTC	0.3557788499280652
IOTABTC	BCDBTC	19.40478258218351
IOTABTC	BCPTBTC	0.36281664094580646
IOTABTC	BNTBTC	2.798663771096764
IOTABTC	BRDBTC	0.38282528425952217
IOTABTC	BTGBTC	23.114387254007557
IOTABTC	BTSBTC	0.1352750625074471
IOTABTC	CDTBTC	0.03434247168021658
IOTABTC	CMTBTC	0.1340972700094574
IOTABTC	CNDBTC	0.07278974233212962
IOTABTC	DASHBTC	196.0339996147377
IOTABTC	DLTBTC	0.17617547260108207
IOTABTC	DNTBTC	0.05466815902547267
IOTABTC	ELFBTC	0.7125279956431767
IOTABTC	ENGBTC	1.3578593288527723
IOTABTC	EOSBTC	7.242207513582471
IOTABTC	ETCBTC	11.56823137474572
IOTABTC	EVXBTC	0.8892404599702327
IOTABTC	GTOBTC	0.2022416646089824
IOTABTC	GVTBTC	14.932361685114769
IOTABTC	GXSBTC	2.0655960114683087
IOTABTC	ICXBTC	2.509022368130962
IOTABTC	KMDBTC	1.5958192933057778
IOTABTC	LSKBTC	9.967265791217278
IOTABTC	MANABTC	0.06605896108382935
IOTABTC	MTHBTC	0.08662836044105117
IOTABTC	MTLBTC	2.660772994347512
IOTABTC	NEBLBTC	7.743110729596786
IOTABTC	NULSBTC	2.1175466881669056
IOTABTC	OAXBTC	0.4431897973722305
IOTABTC	OSTBTC	0.18610309666957275
IOTABTC	POEBTC	0.03364075106882516
IOTABTC	POWRBTC	0.23064678329945684
IOTABTC	PPTBTC	17.195399128342835
IOTABTC	QSPBTC	0.1246481555546313
IOTABTC	RCNBTC	-0.028061790382614277
IOTABTC	REQBTC	0.03643802522951106
IOTABTC	SNTBTC	0.06519247502780419
IOTABTC	STORJBTC	0.5472633580616617
IOTABTC	TNBBTC	0.036189379197496
IOTABTC	TRXBTC	0.03214674829714558
IOTABTC	VIBBTC	0.11268440060134173
IOTABTC	WABIBTC	0.9157710686513231
IOTABTC	XMRBTC	118.69439819609133
IOTABTC	XRPBTC	0.09713275915934128
IOTABTC	XVGBTC	0.04014874560401671
IOTABTC	XZCBTC	16.636785785401262
IOTABTC	ZECBTC	178.92426559542028
KMDBTC	ADABTC	0.059652637109387716
KMDBTC	ADXBTC	0.2764388203438624
KMDBTC	AIONBTC	-0.6856882235487562
KMDBTC	AMBBTC	0.18319010164362948
KMDBTC	BATBTC	0.24893362366305183
KMDBTC	BCDBTC	10.347097147557733
KMDBTC	BCPTBTC	0.18179776389090754
KMDBTC	BRDBTC	0.23191207871580583
KMDBTC	BTSBTC	0.046701571988105844
KMDBTC	CDTBTC	0.018343470675110045
KMDBTC	CMTBTC	-0.28229433528975795
KMDBTC	CNDBTC	0.036114974425300414
KMDBTC	DLTBTC	0.10948325568938198
KMDBTC	ELFBTC	0.38366197273347796
KMDBTC	GTOBTC	0.10454691621748369
KMDBTC	GVTBTC	7.829112755880482
KMDBTC	GXSBTC	1.196192133469803
KMDBTC	ICXBTC	1.367313308162477
KMDBTC	LSKBTC	4.962616455824204
KMDBTC	MANABTC	0.03866644157640403
KMDBTC	NAVBTC	0.47285361552829164
KMDBTC	NEBLBTC	3.948664018741425
KMDBTC	NULSBTC	1.208341292644985
KMDBTC	OSTBTC	0.0914975998489961
KMDBTC	POEBTC	0.016506024518343432
KMDBTC	PPTBTC	7.476347259176043
KMDBTC	QSPBTC	0.0696619557332711
KMDBTC	RCNBTC	-0.01404888678533914
KMDBTC	RDNBTC	0.7134069744260623
KMDBTC	TNBBTC	0.018486022705892072
KMDBTC	WABIBTC	0.42048533045046715
KMDBTC	WAVESBTC	3.218459567959294
KMDBTC	XLMBTC	0.2900846216905919
KMDBTC	XMRBTC	61.50079179834401
KMDBTC	XZCBTC	10.775883196330803
KNCBTC	ADABTC	0.10637173327743625
KNCBTC	ADXBTC	0.3245926625327219
KNCBTC	AIONBTC	-1.7286256203721866
KNCBTC	ASTBTC	0.27380743722635825
KNCBTC	BCDBTC	15.68305163511174
KNCBTC	BCPTBTC	0.277309673357005
KNCBTC	BTGBTC	14.528875589772975
KNCBTC	BTSBTC	0.038643981822506925
KNCBTC	CDTBTC	0.02469020701941455
KNCBTC	CNDBTC	0.05374471569515221
KNCBTC	DASHBTC	94.81040849814949
KNCBTC	DNTBTC	0.04351298062201032
KNCBTC	ETCBTC	8.609023155724861
KNCBTC	FUNBTC	0.02936618603826965
KNCBTC	GTOBTC	0.13341698948260633
KNCBTC	KMDBTC	0.10137243112002227
KNCBTC	LSKBTC	7.456706095041196
KNCBTC	MTHBTC	0.06985062766037625
KNCBTC	MTLBTC	1.1887871854434597
KNCBTC	NEBLBTC	5.778002084933936
KNCBTC	OSTBTC	0.14738208087700486
KNCBTC	POEBTC	0.02803905581861344
KNCBTC	POWRBTC	0.1391231276387868
KNCBTC	PPTBTC	12.738517880280972
KNCBTC	QSPBTC	0.0942767999221902
KNCBTC	RCNBTC	0.055003220277084056
KNCBTC	REQBTC	0.041075149391483545
KNCBTC	SNTBTC	0.04908160915422831
KNCBTC	TNBBTC	0.027306735137446046
KNCBTC	TRXBTC	0.021932705409952517
KNCBTC	VIBBTC	0.07912875229575216
KNCBTC	XRPBTC	-0.05285886508085069
KNCBTC	XVGBTC	0.03115972786942638
KNCBTC	XZCBTC	10.4044298962868
KNCBTC	ZECBTC	144.1014098359535
LRCBTC	ADABTC	0.4027319001130541
LRCBTC	ADXBTC	1.4958780699781629
LRCBTC	AIONBTC	4.931750986321187
LRCBTC	AMBBTC	0.8703941224357697
LRCBTC	ARKBTC	5.173287385691011
LRCBTC	ASTBTC	0.8190971898409002
LRCBTC	BCDBTC	51.79176637403257
LRCBTC	BCPTBTC	0.8746131142419898
LRCBTC	BQXBTC	5.669622507212773
LRCBTC	BRDBTC	0.9431986225690367
LRCBTC	BTGBTC	113.22953204742126
LRCBTC	BTSBTC	0.34900776464568667
LRCBTC	CDTBTC	0.09293992091565649
LRCBTC	CMTBTC	0.3549424022630293
LRCBTC	CNDBTC	0.17136566032789521
LRCBTC	DASHBTC	616.3139105652851
LRCBTC	DLTBTC	0.48962369636027364
LRCBTC	DNTBTC	0.13736405738596275
LRCBTC	ELFBTC	1.8054442452482062
LRCBTC	ENGBTC	3.5396293484998
LRCBTC	EOSBTC	17.507090255368112
LRCBTC	ETCBTC	29.247936140632085
LRCBTC	EVXBTC	2.4024758638226755
LRCBTC	FUNBTC	0.08301416385929791
LRCBTC	GTOBTC	0.5156965045526474
LRCBTC	GXSBTC	5.541961274714299
LRCBTC	ICXBTC	6.2364083732187945
LRCBTC	IOTABTC	2.5076440696562163
LRCBTC	KMDBTC	4.7953424729109075
LRCBTC	KNCBTC	2.994730785916506
LRCBTC	MANABTC	0.1299189804189021
LRCBTC	MTHBTC	0.2089124523275514
LRCBTC	MTLBTC	5.791935203260109
LRCBTC	NAVBTC	2.179867759465857
LRCBTC	NEBLBTC	18.65504493924635
LRCBTC	NULSBTC	5.59491194680328
LRCBTC	OAXBTC	1.1001318917260077
LRCBTC	OSTBTC	0.4170622169246763
LRCBTC	POEBTC	0.08229874952626091
LRCBTC	POWRBTC	0.7448393464610357
LRCBTC	PPTBTC	38.399494637152145
LRCBTC	QSPBTC	0.3420956033211348
LRCBTC	QTUMBTC	32.007651245302206
LRCBTC	RCNBTC	0.14975964710591239
LRCBTC	RDNBTC	3.379840132634091
LRCBTC	REQBTC	0.3885535556275827
LRCBTC	SNGLSBTC	0.16606678161367666
LRCBTC	SNMBTC	0.3742276477884926
LRCBTC	SNTBTC	0.21177146683678735
LRCBTC	STORJBTC	1.3422948272523205
LRCBTC	STRATBTC	10.286440337650324
LRCBTC	TNBBTC	0.08721954132689114
LRCBTC	TRXBTC	0.07136896134271832
LRCBTC	VIBBTC	0.30470698387685136
LRCBTC	WABIBTC	1.9020937155644844
LRCBTC	XLMBTC	0.4848266430654944
LRCBTC	XRPBTC	0.7589502965039118
LRCBTC	XVGBTC	0.09515134040515234
LRCBTC	XZCBTC	59.10467797749355
LRCBTC	YOYOBTC	0.1987250814810802
LRCBTC	ZRXBTC	1.8639115655994507
LSKBTC	ADABTC	0.01638940504123118
LSKBTC	ADXBTC	0.06592010489280446
LSKBTC	AIONBTC	0.19640006017839665
LSKBTC	BCDBTC	2.241455463566661
LSKBTC	BRDBTC	0.042833068230573854
LSKBTC	CNDBTC	0.007545129533833778
LSKBTC	GTOBTC	0.021201037032501147
LSKBTC	ICXBTC	0.27175552155472826
LSKBTC	MANABTC	0.004903367983078856
LSKBTC	NAVBTC	0.09410709055679736
LSKBTC	NEBLBTC	0.8249509005287831
LSKBTC	OSTBTC	0.019216375740169392
LSKBTC	PPTBTC	1.735666366016205
LSKBTC	TNBBTC	0.0039528675029547175
LSKBTC	WABIBTC	0.08891058239074183
LTCBTC	ADABTC	0.001145186458030044
LTCBTC	ADXBTC	0.005273062338472419
LTCBTC	AIONBTC	0.013641791171078305
LTCBTC	ARKBTC	0.024909265900346384
LTCBTC	BRDBTC	0.0052044433613576795
LTCBTC	BTGBTC	0.37508729405035784
LTCBTC	BTSBTC	0.0013400399775320405
LTCBTC	CDTBTC	0.0003998676730895429
LTCBTC	DASHBTC	2.2025566590343897
LTCBTC	DLTBTC	0.002551663177611298
LTCBTC	DNTBTC	0.000619044193609654
LTCBTC	ENGBTC	0.014654119182030237
LTCBTC	KMDBTC	0.022787060931248104
LTCBTC	MDABTC	0.008753000492281096
LTCBTC	MTHBTC	0.000984308900715159
LTCBTC	MTLBTC	0.0252152840543057
LTCBTC	NAVBTC	0.007642439552632546
LTCBTC	POEBTC	0.00038739715422147597
LTCBTC	POWRBTC	0.0024284526387255887
LTCBTC	PPTBTC	0.1688683338174398
LTCBTC	QSPBTC	0.0012806557925218775
LTCBTC	QTUMBTC	0.11386506349349025
LTCBTC	RCNBTC	0.00016129142945834403
LTCBTC	RDNBTC	0.01365004550030255
LTCBTC	REQBTC	0.0008482044149430554
LTCBTC	SNGLSBTC	0.0006364530404374737
LTCBTC	SNTBTC	0.0006035204163134272
LTCBTC	STORJBTC	0.005946128779023248
LTCBTC	STRATBTC	0.037805790282526945
LTCBTC	TNBBTC	0.00037050819449436064
LTCBTC	VIBBTC	0.0013977470942475195
LTCBTC	WABIBTC	0.00941131432929923
LTCBTC	WAVESBTC	0.053444593264963675
LTCBTC	XRPBTC	0.003432486407406619
LTCBTC	XVGBTC	0.0003770424483437195
LTCBTC	XZCBTC	0.21777192628394237
LTCBTC	YOYOBTC	0.0006670604235832169
MANABTC	ADABTC	1.399246449106923
MANABTC	ADXBTC	6.64678161188639
MANABTC	AIONBTC	16.0092565274687
MANABTC	BCDBTC	275.1507735390587
MANABTC	BRDBTC	6.834252532545241
MANABTC	CMTBTC	2.3790272221882445
MANABTC	CNDBTC	1.4062283563249551
MANABTC	ELFBTC	12.9941631023985
MANABTC	GTOBTC	3.2305269556630702
MANABTC	ICXBTC	46.622073224493874
MANABTC	NAVBTC	12.52980359346549
MANABTC	NEBLBTC	136.53553639209198
MANABTC	OSTBTC	3.244398088597016
MANABTC	PPTBTC	262.6008627652418
MANABTC	TNBBTC	0.3677909522335799
MANABTC	WABIBTC	15.630317253587686
MANABTC	WAVESBTC	61.77415519153768
MANABTC	XLMBTC	3.2529214579113215
MCOBTC	ADABTC	0.029356207206920556
MCOBTC	ADXBTC	0.13301291070897633
MCOBTC	AIONBTC	0.3819062650444441
MCOBTC	AMBBTC	0.11984824032102402
MCOBTC	ARKBTC	0.6903481711175239
MCOBTC	ASTBTC	0.12175994394309161
MCOBTC	BATBTC	0.06160882706576738
MCOBTC	BCDBTC	5.623585133387952
MCOBTC	BCPTBTC	0.11833836280083372
MCOBTC	BQXBTC	0.8052391477682866
MCOBTC	BRDBTC	0.14473843281859056
MCOBTC	BTGBTC	10.507588771263354
MCOBTC	BTSBTC	0.03531796400644566
MCOBTC	CDTBTC	0.010019724633988434
MCOBTC	CMTBTC	0.046818597625622245
MCOBTC	CNDBTC	0.023994773371005584
MCOBTC	DASHBTC	67.6156709750152
MCOBTC	DLTBTC	0.06762837235571785
MCOBTC	DNTBTC	0.01693217390025475
MCOBTC	ELFBTC	0.232172132855518
MCOBTC	ENGBTC	0.44547945603330996
MCOBTC	ETCBTC	4.02309274888272
MCOBTC	EVXBTC	0.3108588524351796
MCOBTC	FUNBTC	0.011254170105009365
MCOBTC	GTOBTC	0.062076735022504166
MCOBTC	GXSBTC	0.7215671034116269
MCOBTC	ICXBTC	0.8721170165228852
MCOBTC	IOTABTC	0.34073199402184084
MCOBTC	KMDBTC	0.47708507351938106
MCOBTC	LRCBTC	0.13422063829139055
MCOBTC	LSKBTC	3.7334746322590484
MCOBTC	MANABTC	0.019743761086495535
MCOBTC	MTHBTC	0.02689969947356336
MCOBTC	MTLBTC	0.7494076249408741
MCOBTC	NAVBTC	0.2706406109830102
MCOBTC	NEBLBTC	2.424806492972908
MCOBTC	NULSBTC	0.7016295774080534
MCOBTC	OAXBTC	0.14843029182139333
MCOBTC	OSTBTC	0.06235610116378931
MCOBTC	POEBTC	0.010791572279109016
MCOBTC	POWRBTC	0.0646874884653715
MCOBTC	PPTBTC	4.980140530938022
MCOBTC	QSPBTC	0.03878523832536321
MCOBTC	QTUMBTC	3.5175335427827195
MCOBTC	RCNBTC	0.005993901192208097
MCOBTC	RDNBTC	0.45192693521927463
MCOBTC	REQBTC	0.010026245875848046
MCOBTC	SNGLSBTC	0.020832575912666875
MCOBTC	SNMBTC	0.051841320709814495
MCOBTC	SNTBTC	0.013496692859081528
MCOBTC	STORJBTC	0.21003041679672696
MCOBTC	STRATBTC	1.2315404609500455
MCOBTC	TNBBTC	0.009883525757307736
MCOBTC	TRXBTC	0.00958602154080159
MCOBTC	VIBBTC	0.03218159635343671
MCOBTC	WABIBTC	0.29215035505118214
MCOBTC	WAVESBTC	2.1375382109845456
MCOBTC	WTCBTC	4.252027041683859
MCOBTC	XLMBTC	0.08065566829842231
MCOBTC	XMRBTC	44.656996783937295
MCOBTC	XRPBTC	0.007056700134604654
MCOBTC	XVGBTC	0.014123399460959769
MCOBTC	XZCBTC	4.762987711351193
MCOBTC	YOYOBTC	0.016631313393648317
MCOBTC	ZECBTC	63.69599533631584
MCOBTC	ZRXBTC	0.2468318053131169
MDABTC	ADABTC	0.030981179673348527
MDABTC	ADXBTC	0.15526192889022059
MDABTC	AIONBTC	-0.047089011788889745
MDABTC	BATBTC	0.16574649685588483
MDABTC	BTGBTC	25.65207976210301
MDABTC	BTSBTC	0.027834856016752476
MDABTC	DASHBTC	145.08390010232517
MDABTC	EVXBTC	0.756357276000731
MDABTC	KMDBTC	1.1814687650163416
MDABTC	MANABTC	0.05223870770895375
MDABTC	NAVBTC	0.5068349444132094
MDABTC	POWRBTC	0.08282205202080384
MDABTC	RCNBTC	-0.0018906276364779341
MDABTC	REQBTC	0.024786872377961768
MDABTC	SNTBTC	0.012624574335442267
MDABTC	TNBBTC	0.0038039270185098693
MDABTC	VIBBTC	0.042004416737277284
MDABTC	WAVESBTC	3.7260155943757485
MDABTC	XRPBTC	0.2975513904976454
MDABTC	XZCBTC	9.057490070459417
MTHBTC	ADABTC	1.65232177432948
MTHBTC	ADXBTC	7.152496624196753
MTHBTC	AIONBTC	23.199492252363086
MTHBTC	AMBBTC	4.162629359341993
MTHBTC	ARKBTC	24.106452976959847
MTHBTC	ASTBTC	3.8007033443027103
MTHBTC	BCDBTC	224.91448126319918
MTHBTC	BCPTBTC	4.129132578426776
MTHBTC	BNTBTC	34.77266828865347
MTHBTC	BRDBTC	5.576725468181032
MTHBTC	BTGBTC	591.040132311077
MTHBTC	BTSBTC	1.2350668652692183
MTHBTC	CDTBTC	0.46092240448233235
MTHBTC	CNDBTC	0.8039533589113373
MTHBTC	DASHBTC	2972.919174579684
MTHBTC	DLTBTC	2.3654418586874666
MTHBTC	DNTBTC	0.6439800305796046
MTHBTC	ELFBTC	9.301670020988213
MTHBTC	ENGBTC	15.920737059577263
MTHBTC	EVXBTC	11.52919559112945
MTHBTC	GTOBTC	2.324973824863176
MTHBTC	GVTBTC	193.76077921207215
MTHBTC	GXSBTC	27.421056841280972
MTHBTC	ICXBTC	28.353277883903882
MTHBTC	KMDBTC	23.070034310186998
MTHBTC	LSKBTC	107.01827688839322
MTHBTC	MANABTC	0.7621401441320393
MTHBTC	NAVBTC	10.064358229223789
MTHBTC	NEBLBTC	88.4312892549955
MTHBTC	NULSBTC	33.54841752433177
MTHBTC	OAXBTC	5.13355533804025
MTHBTC	OSTBTC	2.027538835868128
MTHBTC	POEBTC	0.3863665152467159
MTHBTC	POWRBTC	3.4094986318464033
MTHBTC	PPTBTC	174.23053181793347
MTHBTC	QSPBTC	1.5670530942818808
MTHBTC	RCNBTC	0.4719656212642771
MTHBTC	RDNBTC	16.523569223783355
MTHBTC	REQBTC	1.8679264125842796
MTHBTC	STORJBTC	6.4104962554651035
MTHBTC	TNBBTC	0.44260609732228606
MTHBTC	TRXBTC	0.37902586181264686
MTHBTC	VIBBTC	1.4070956143815698
MTHBTC	WABIBTC	9.467528929560828
MTHBTC	XMRBTC	1313.4512672541448
MTHBTC	XRPBTC	-5.340665515388505
MTHBTC	XZCBTC	270.5546572384473
MTHBTC	ZECBTC	2159.0228327656505
MTLBTC	ADABTC	0.03730018023714109
MTLBTC	ADXBTC	0.21273133405326386
MTLBTC	AIONBTC	0.7630758127010979
MTLBTC	AMBBTC	0.1443789534853838
MTLBTC	ARKBTC	0.946823413649678
MTLBTC	ASTBTC	0.1507945915997627
MTLBTC	BCDBTC	8.912152614370076
MTLBTC	BCPTBTC	0.15376161060885601
MTLBTC	BNTBTC	1.333249970448183
MTLBTC	BRDBTC	0.08536093591256363
MTLBTC	BTGBTC	-32.94228714077625
MTLBTC	BTSBTC	0.03892139831724751
MTLBTC	CDTBTC	0.013590763361519622
MTLBTC	CMTBTC	0.01405089132063276
MTLBTC	CNDBTC	0.03208302862245234
MTLBTC	DASHBTC	173.06071122096606
MTLBTC	DLTBTC	0.07979264285096499
MTLBTC	DNTBTC	0.021689326661447555
MTLBTC	ELFBTC	0.31823978524920365
MTLBTC	ENGBTC	0.5308047577477816
MTLBTC	EOSBTC	3.968584807235725
MTLBTC	ETCBTC	5.9935755922301315
MTLBTC	EVXBTC	0.4340419747854623
MTLBTC	GTOBTC	0.08561469417635315
MTLBTC	GVTBTC	6.173524773406602
MTLBTC	GXSBTC	0.8728181858568254
MTLBTC	ICXBTC	1.1128374830702275
MTLBTC	KMDBTC	0.6205993421352981
MTLBTC	LSKBTC	4.136088647535513
MTLBTC	MANABTC	0.03007351982017051
MTLBTC	MTHBTC	0.03277405490187629
MTLBTC	NAVBTC	0.38667177842538164
MTLBTC	NEBLBTC	3.3150184871977912
MTLBTC	NULSBTC	0.9579964953483214
MTLBTC	OAXBTC	0.18814058212957363
MTLBTC	OSTBTC	0.07806816769425255
MTLBTC	POEBTC	0.012960976802152082
MTLBTC	POWRBTC	0.0612529524475548
MTLBTC	PPTBTC	8.107206354549097
MTLBTC	QSPBTC	0.050239167857553994
MTLBTC	RCNBTC	0.005864410715469047
MTLBTC	RDNBTC	0.5354911412780646
MTLBTC	REQBTC	0.04780531963510356
MTLBTC	SNTBTC	0.020986534159563076
MTLBTC	STORJBTC	0.2172730309825695
MTLBTC	TNBBTC	0.013337981403063531
MTLBTC	TRXBTC	0.008600749216106181
MTLBTC	VIBBTC	0.045982134502861045
MTLBTC	WABIBTC	0.4068036773513024
MTLBTC	XLMBTC	-0.44256109458171794
MTLBTC	XMRBTC	52.732061228108925
MTLBTC	XRPBTC	-0.02222835754172444
MTLBTC	XZCBTC	8.23201382603887
MTLBTC	ZECBTC	85.33431006760115
NEBLBTC	BRDBTC	0.05882663953290743
NEBLBTC	NAVBTC	0.11464963225757646
NEOBTC	ADABTC	0.0030465771460052348
NEOBTC	ADXBTC	0.012962797593003839
NEOBTC	AIONBTC	0.040909211435208565
NEOBTC	ARKBTC	0.04469349008883948
NEOBTC	ASTBTC	0.006650363052790601
NEOBTC	BQXBTC	0.04651235980205225
NEOBTC	BRDBTC	0.008903184009943103
NEOBTC	BTGBTC	1.0126496408711958
NEOBTC	BTSBTC	0.002495976476512774
NEOBTC	CDTBTC	0.0008229577042170896
NEOBTC	DASHBTC	5.288846169382077
NEOBTC	DLTBTC	0.004150838526332445
NEOBTC	DNTBTC	0.0011428841505015564
NEOBTC	ENGBTC	0.029102782042698432
NEOBTC	EVXBTC	0.019967050588163462
NEOBTC	FUNBTC	0.0006906355485476041
NEOBTC	GASBTC	0.38500509705446534
NEOBTC	GTOBTC	0.00420617883483218
NEOBTC	GXSBTC	0.044333305802598165
NEOBTC	ICXBTC	0.051335143712104764
NEOBTC	IOTABTC	0.018799914846178135
NEOBTC	KMDBTC	0.03906282286957069
NEOBTC	KNCBTC	0.02477715132860652
NEOBTC	MCOBTC	0.051228174049666834
NEOBTC	MTHBTC	0.001778446579256304
NEOBTC	MTLBTC	0.045224599013497624
NEOBTC	NAVBTC	0.018946879905628294
NEOBTC	OAXBTC	0.00901004122046201
NEOBTC	OSTBTC	0.003639774045264228
NEOBTC	POEBTC	0.0006941661878527175
NEOBTC	POWRBTC	0.006282498493745879
NEOBTC	PPTBTC	0.3205023670021696
NEOBTC	QSPBTC	0.002880742714769266
NEOBTC	QTUMBTC	0.2712035528268276
NEOBTC	RCNBTC	0.0013527763385042099
NEOBTC	RDNBTC	0.030852135184920696
NEOBTC	REQBTC	0.0033611208543563
NEOBTC	SNGLSBTC	0.0014515877512164086
NEOBTC	SNMBTC	0.0030969624022912715
NEOBTC	SNTBTC	0.001677491199990787
NEOBTC	STORJBTC	0.0107829882842584
NEOBTC	STRATBTC	0.08547475306319165
NEOBTC	TNBBTC	0.0007745665062276561
NEOBTC	VIBBTC	0.0025421139343595727
NEOBTC	WABIBTC	0.017213263269617144
NEOBTC	XRPBTC	0.005254646621843595
NEOBTC	XVGBTC	0.0007840989237138824
NEOBTC	XZCBTC	0.4994463009506876
NEOBTC	YOYOBTC	0.0016934666566696729
NULSBTC	ADABTC	0.06286287915433243
NULSBTC	ADXBTC	0.23685842952911376
NULSBTC	AIONBTC	0.739615472087601
NULSBTC	AMBBTC	0.15967628095575934
NULSBTC	BCPTBTC	0.14749720300277497
NULSBTC	BRDBTC	0.15270801013489543
NULSBTC	BTSBTC	0.06960198102958028
NULSBTC	CDTBTC	0.014810127735140923
NULSBTC	DLTBTC	0.06603112106473613
NULSBTC	GTOBTC	0.0930503257456764
NULSBTC	ICXBTC	1.08194880675811
NULSBTC	MANABTC	0.02603525922696376
NULSBTC	NAVBTC	0.3592037493409404
NULSBTC	NEBLBTC	3.2163312454395045
NULSBTC	OSTBTC	0.060370832594680644
NULSBTC	POEBTC	0.012810740758067787
NULSBTC	PPTBTC	6.265247502665813
NULSBTC	QSPBTC	0.05241272835792878
NULSBTC	RDNBTC	0.43829661715820767
NULSBTC	TNBBTC	0.014166331454374738
NULSBTC	XMRBTC	52.10922374912457
NULSBTC	XZCBTC	9.764850507216682
OAXBTC	ADABTC	0.3397223377857576
OAXBTC	ADXBTC	1.3726413278151597
OAXBTC	AIONBTC	4.216926482185616
OAXBTC	AMBBTC	0.7999188448269505
OAXBTC	ARKBTC	4.772318134262431
OAXBTC	BATBTC	0.3464830471803597
OAXBTC	BCDBTC	43.89830504177333
OAXBTC	BCPTBTC	0.802570169133846
OAXBTC	BRDBTC	0.9781085258279962
OAXBTC	BTGBTC	107.66650857253975
OAXBTC	BTSBTC	0.3159268899005705
OAXBTC	CDTBTC	0.08535529166118853
OAXBTC	CMTBTC	0.3135232007762393
OAXBTC	CNDBTC	0.15767470234410685
OAXBTC	DLTBTC	0.46409206689651517
OAXBTC	ELFBTC	1.644596239207747
OAXBTC	EVXBTC	2.2322850156637988
OAXBTC	GTOBTC	0.4588973260870497
OAXBTC	GXSBTC	5.009839290719015
OAXBTC	ICXBTC	5.556077083707742
OAXBTC	KMDBTC	4.523657603682223
OAXBTC	LSKBTC	21.403725994889044
OAXBTC	MANABTC	0.13679085373922625
OAXBTC	NAVBTC	1.9733663360012048
OAXBTC	NEBLBTC	17.356545479708238
OAXBTC	NULSBTC	5.0554425475190845
OAXBTC	OSTBTC	0.394523493033609
OAXBTC	POEBTC	0.07616944078903048
OAXBTC	POWRBTC	0.6934681135594143
OAXBTC	PPTBTC	33.6881999130057
OAXBTC	QSPBTC	0.3048333580031125
OAXBTC	RCNBTC	0.08441084108202299
OAXBTC	RDNBTC	3.2342302604060174
OAXBTC	REQBTC	0.3372279919533033
OAXBTC	STORJBTC	1.234080419496956
OAXBTC	TNBBTC	0.08033824184055208
OAXBTC	TRXBTC	0.06899014044984692
OAXBTC	VIBBTC	0.2771754622753482
OAXBTC	WABIBTC	1.8517890969038175
OAXBTC	XLMBTC	0.4923698231965607
OAXBTC	XMRBTC	248.79399012299578
OAXBTC	XRPBTC	0.9105570749461841
OAXBTC	XZCBTC	54.00457274898012
OMGBTC	ADABTC	0.01585107796430314
OMGBTC	ADXBTC	0.06547141793198925
OMGBTC	AIONBTC	0.21766832544683512
OMGBTC	ARKBTC	0.2348152565081693
OMGBTC	ASTBTC	0.03889369390490993
OMGBTC	BCDBTC	2.428963406740144
OMGBTC	BQXBTC	0.268830255051468
OMGBTC	BRDBTC	0.042352612622996604
OMGBTC	BTGBTC	3.753731493411648
OMGBTC	BTSBTC	0.015794940241641294
OMGBTC	CDTBTC	0.004331790397778938
OMGBTC	DASHBTC	25.829941835266286
OMGBTC	DLTBTC	0.02109432904828567
OMGBTC	DNTBTC	0.006513556577142139
OMGBTC	ENGBTC	0.16058412296062713
OMGBTC	EOSBTC	0.7276591840178316
OMGBTC	ETCBTC	1.2806333120218105
OMGBTC	EVXBTC	0.10438999466461596
OMGBTC	FUNBTC	0.0038898890330032175
OMGBTC	GTOBTC	0.024501004844445055
OMGBTC	GXSBTC	0.24483120355000002
OMGBTC	ICXBTC	0.28064975124993047
OMGBTC	IOTABTC	0.11534862169628679
OMGBTC	KMDBTC	0.19624873519781796
OMGBTC	MANABTC	0.006300720383693873
OMGBTC	MTHBTC	0.009644358642895376
OMGBTC	MTLBTC	0.2746759305204085
OMGBTC	NAVBTC	0.09251470014024991
OMGBTC	NEBLBTC	0.9137329565626969
OMGBTC	NULSBTC	0.2515043529275995
OMGBTC	OAXBTC	0.05244817655196821
OMGBTC	OSTBTC	0.019910002079378437
OMGBTC	POEBTC	0.003963575715462086
OMGBTC	POWRBTC	0.029962416812169733
OMGBTC	PPTBTC	1.5967052066816105
OMGBTC	QSPBTC	0.014935346624403972
OMGBTC	RCNBTC	0.004404559030422265
OMGBTC	RDNBTC	0.1524092476057392
OMGBTC	REQBTC	0.014131870857722427
OMGBTC	SNGLSBTC	0.00717831453525679
OMGBTC	SNMBTC	0.017122124390867282
OMGBTC	SNTBTC	0.008728802463885016
OMGBTC	STORJBTC	0.062171030509493755
OMGBTC	STRATBTC	0.4122187667947926
OMGBTC	TNBBTC	0.004153853358499974
OMGBTC	VIBBTC	0.013801929924643757
OMGBTC	WABIBTC	0.08953781074725939
OMGBTC	XMRBTC	13.02852004206805
OMGBTC	XRPBTC	0.024578264739435505
OMGBTC	XVGBTC	0.004572283775741848
OMGBTC	XZCBTC	2.5879087946332775
OMGBTC	ZRXBTC	0.07508218723214548
OSTBTC	AIONBTC	11.214478109377454
OSTBTC	BRDBTC	2.739301654248865
OSTBTC	ELFBTC	4.67643181074
OSTBTC	NAVBTC	4.950906709093048
OSTBTC	NEBLBTC	43.45988787497173
POEBTC	ADABTC	4.669202903821717
POEBTC	ADXBTC	18.887314347112472
POEBTC	AIONBTC	59.158623617636444
POEBTC	BCDBTC	605.6354398283844
POEBTC	BTSBTC	3.9949044838308927
POEBTC	CNDBTC	2.1134429338038956
POEBTC	ELFBTC	22.127594141176452
POEBTC	GTOBTC	5.934271779006815
POEBTC	ICXBTC	73.93044730066286
POEBTC	LSKBTC	277.3432597175975
POEBTC	MANABTC	1.7639449020712108
POEBTC	NAVBTC	26.521814331621567
POEBTC	NEBLBTC	229.71378031860868
POEBTC	OSTBTC	5.276081512959257
POEBTC	PPTBTC	460.1922142515928
POEBTC	QSPBTC	4.108542592064509
POEBTC	TNBBTC	1.1438420542914478
POEBTC	WABIBTC	24.59472457114719
POEBTC	XZCBTC	736.8393203173748
POWRBTC	ADABTC	0.414424211363506
POWRBTC	ADXBTC	1.7729659749671656
POWRBTC	AIONBTC	10.175603733199058
POWRBTC	AMBBTC	1.1630522116516722
POWRBTC	ARKBTC	6.973469130632611
POWRBTC	BATBTC	1.966486192971329
POWRBTC	BCDBTC	63.996795309542684
POWRBTC	BCPTBTC	1.2176277270717022
POWRBTC	BRDBTC	1.825509947406005
POWRBTC	BTSBTC	-0.19360708064250493
POWRBTC	CDTBTC	0.12834113223214333
POWRBTC	CMTBTC	1.5622461756993495
POWRBTC	CNDBTC	0.25181182875789737
POWRBTC	DLTBTC	0.8193037254785001
POWRBTC	ELFBTC	2.531786568038667
POWRBTC	ENJBTC	2.1778496733525365
POWRBTC	GTOBTC	0.725812048646612
POWRBTC	GVTBTC	55.15342594685341
POWRBTC	GXSBTC	9.992042240605604
POWRBTC	ICXBTC	8.554869568966529
POWRBTC	KMDBTC	8.510208615243195
POWRBTC	LSKBTC	31.371027265373012
POWRBTC	MANABTC	0.2857221549811266
POWRBTC	NAVBTC	3.1161191997109605
POWRBTC	NEBLBTC	25.34729142947208
POWRBTC	NULSBTC	8.097536042498016
POWRBTC	OSTBTC	0.6030611797939675
POWRBTC	POEBTC	0.10702205424840057
POWRBTC	PPTBTC	59.262293074344
POWRBTC	QSPBTC	0.5056292521356562
POWRBTC	RCNBTC	-0.6353260355971407
POWRBTC	RDNBTC	4.926864176508854
POWRBTC	STORJBTC	2.230071281606835
POWRBTC	TNBBTC	0.12489124733621261
POWRBTC	WABIBTC	2.8643248862003277
POWRBTC	WAVESBTC	29.27775682197235
POWRBTC	XLMBTC	1.6997208912134902
POWRBTC	XMRBTC	399.84063736324737
POWRBTC	XRPBTC	12.180919302199541
POWRBTC	XZCBTC	55.76815408545582
PPTBTC	AIONBTC	0.1591997532634117
PPTBTC	BRDBTC	0.03248068079638107
PPTBTC	CNDBTC	0.004374316076033458
PPTBTC	ELFBTC	0.04809621925662017
PPTBTC	GTOBTC	0.012684231929255206
PPTBTC	ICXBTC	0.16360414611077398
PPTBTC	NAVBTC	0.06303163539994493
PPTBTC	NEBLBTC	0.4920610090582644
PPTBTC	OSTBTC	0.011553785909239306
PPTBTC	TNBBTC	0.0024212195263263866
PPTBTC	WABIBTC	0.05519171201028275
QSPBTC	ADABTC	1.167968430260963
QSPBTC	ADXBTC	4.463660335801089
QSPBTC	AIONBTC	15.047080754615267
QSPBTC	BCDBTC	147.58027158144253
QSPBTC	BRDBTC	4.279827693452964
QSPBTC	BTSBTC	0.7074555956339942
QSPBTC	CNDBTC	0.5103527973477345
QSPBTC	ELFBTC	5.570394018377233
QSPBTC	GTOBTC	1.4658277121377474
QSPBTC	ICXBTC	17.966657051409513
QSPBTC	LSKBTC	67.33637505906869
QSPBTC	MANABTC	0.5040449068914035
QSPBTC	NAVBTC	6.393838842111791
QSPBTC	NEBLBTC	56.34571949873611
QSPBTC	OSTBTC	1.2811220653701976
QSPBTC	PPTBTC	114.2076384292644
QSPBTC	TNBBTC	0.27621160979476095
QSPBTC	WABIBTC	6.077278546991694
QSPBTC	XZCBTC	171.47727286792798
QTUMBTC	ADABTC	0.01241086069937759
QTUMBTC	ADXBTC	0.04873524941570043
QTUMBTC	AIONBTC	0.16136107363922947
QTUMBTC	AMBBTC	0.028217067252309876
QTUMBTC	ARKBTC	0.16349239172337615
QTUMBTC	ASTBTC	0.025590145253007443
QTUMBTC	BCDBTC	1.5873675052241878
QTUMBTC	BCPTBTC	0.02789111845262466
QTUMBTC	BNTBTC	0.22917004548022255
QTUMBTC	BQXBTC	0.17217455165377143
QTUMBTC	BRDBTC	0.04536339740303294
QTUMBTC	BTGBTC	3.6971329633242664
QTUMBTC	BTSBTC	0.005976599743492073
QTUMBTC	CDTBTC	0.003113121222813286
QTUMBTC	CNDBTC	0.005398902070363557
QTUMBTC	DASHBTC	21.76101548098981
QTUMBTC	DLTBTC	0.017976446589565917
QTUMBTC	DNTBTC	0.004376646105312767
QTUMBTC	ELFBTC	0.057494621492543675
QTUMBTC	ENGBTC	0.10914950191919044
QTUMBTC	EOSBTC	0.8882923021541732
QTUMBTC	ETCBTC	1.0620665248462895
QTUMBTC	EVXBTC	0.08172557355116772
QTUMBTC	FUNBTC	0.0026181304103575103
QTUMBTC	GTOBTC	0.015728422975029435
QTUMBTC	GVTBTC	1.297911753342153
QTUMBTC	GXSBTC	0.2044254233966903
QTUMBTC	ICXBTC	0.19298314366605057
QTUMBTC	IOTABTC	0.09869519979934643
QTUMBTC	KMDBTC	0.16514287866833044
QTUMBTC	KNCBTC	0.14417609637018258
QTUMBTC	LSKBTC	0.7159674333167576
QTUMBTC	MANABTC	0.0055332055919853395
QTUMBTC	MTHBTC	0.006888237042148101
QTUMBTC	MTLBTC	0.19722606590992875
QTUMBTC	NAVBTC	0.06973047414857465
QTUMBTC	NEBLBTC	0.589039725607618
QTUMBTC	NULSBTC	0.18639531539119644
QTUMBTC	OAXBTC	0.03571800679437847
QTUMBTC	OMGBTC	0.6948485400652278
QTUMBTC	OSTBTC	0.013933527902597118
QTUMBTC	POEBTC	0.0025843296387880197
QTUMBTC	POWRBTC	0.024428092856936378
QTUMBTC	PPTBTC	1.2009420626138898
QTUMBTC	QSPBTC	0.010758195119580979
QTUMBTC	RCNBTC	0.008025248819865063
QTUMBTC	RDNBTC	0.11311288814969502
QTUMBTC	REQBTC	0.012862137034137331
QTUMBTC	SNGLSBTC	0.005545052974073821
QTUMBTC	SNMBTC	0.012742677457442396
QTUMBTC	SNTBTC	0.006735441190798993
QTUMBTC	STORJBTC	0.04676906891650235
QTUMBTC	STRATBTC	0.32646909291196413
QTUMBTC	TNBBTC	0.0029595167652483336
QTUMBTC	TRXBTC	0.0028313990954529594
QTUMBTC	VIBBTC	0.009651694361992123
QTUMBTC	WABIBTC	0.06540782273610292
QTUMBTC	XMRBTC	9.470726968636892
QTUMBTC	XRPBTC	-0.20382214738988647
QTUMBTC	XVGBTC	0.0031484787636772704
QTUMBTC	XZCBTC	1.92120832001581
QTUMBTC	YOYOBTC	0.006207516088152923
QTUMBTC	ZECBTC	15.911876370925786
QTUMBTC	ZRXBTC	0.0741683268247442
RCNBTC	ADABTC	0.846998596952495
RCNBTC	ADXBTC	0.6496432107616443
RCNBTC	AIONBTC	-781.3286221984308
RCNBTC	AMBBTC	8.495220001499407
RCNBTC	BATBTC	-8.230736117508005
RCNBTC	BCDBTC	242.0912059258376
RCNBTC	BCPTBTC	5.197773852613477
RCNBTC	BRDBTC	92.18907214189673
RCNBTC	BTSBTC	-0.9915805070888731
RCNBTC	CDTBTC	0.10449581414657437
RCNBTC	CMTBTC	-3.5912947257563155
RCNBTC	CNDBTC	1.098146066309843
RCNBTC	DLTBTC	6.34611217257548
RCNBTC	ELFBTC	22.020840645601808
RCNBTC	GTOBTC	29.63646721480034
RCNBTC	GVTBTC	370.42298151546964
RCNBTC	GXSBTC	-77.66726983064574
RCNBTC	ICXBTC	43.536541089182826
RCNBTC	LSKBTC	135.085318561442
RCNBTC	MANABTC	-438.7646014276488
RCNBTC	NAVBTC	66.00357491709889
RCNBTC	NEBLBTC	108.92447771998626
RCNBTC	NULSBTC	86.66628573793682
RCNBTC	OSTBTC	2.659016516921684
RCNBTC	POEBTC	0.5063500531173505
RCNBTC	PPTBTC	168.2018543735947
RCNBTC	QSPBTC	3.2543549529267914
RCNBTC	RDNBTC	66.82112565685676
RCNBTC	TNBBTC	0.5453858788202574
RCNBTC	WABIBTC	13.267359628090441
RCNBTC	XLMBTC	-5.8765122982137665
RCNBTC	XMRBTC	4666.953477724572
RCNBTC	XZCBTC	61.57347720461464
RDNBTC	ADABTC	0.10684396871031586
RDNBTC	ADXBTC	0.43563352011812234
RDNBTC	AIONBTC	1.4420088046774915
RDNBTC	AMBBTC	0.26372006242416596
RDNBTC	BATBTC	-0.3025669733567044
RDNBTC	BCDBTC	13.471265445586758
RDNBTC	BCPTBTC	0.24086324424049507
RDNBTC	BRDBTC	0.3525373156037849
RDNBTC	BTSBTC	0.05540757053809319
RDNBTC	CDTBTC	0.027946877406246094
RDNBTC	CNDBTC	0.04732814894277596
RDNBTC	DLTBTC	0.1364227768269862
RDNBTC	ELFBTC	0.5228756332387587
RDNBTC	GTOBTC	0.1295595737426176
RDNBTC	GVTBTC	12.237629161338939
RDNBTC	GXSBTC	1.133918433340394
RDNBTC	ICXBTC	1.6888160351445163
RDNBTC	LSKBTC	6.238040280272788
RDNBTC	MANABTC	0.04759482425026396
RDNBTC	NAVBTC	0.607477418485205
RDNBTC	NEBLBTC	5.319710160980089
RDNBTC	OSTBTC	0.12142525713537429
RDNBTC	POEBTC	0.023252896324145372
RDNBTC	PPTBTC	9.791479522454717
RDNBTC	QSPBTC	0.09400467785592417
RDNBTC	TNBBTC	0.027007675916933434
RDNBTC	WABIBTC	0.5627899108563912
RDNBTC	XLMBTC	-0.6093423241438385
RDNBTC	XMRBTC	79.97989316777603
RDNBTC	XZCBTC	16.275850575011635
REQBTC	ADABTC	0.8589315571628825
REQBTC	ADXBTC	3.757918285937301
REQBTC	AIONBTC	14.04104199527159
REQBTC	AMBBTC	2.495649428277649
REQBTC	ARKBTC	13.061653398378068
REQBTC	BATBTC	-6.440135438368269
REQBTC	BCDBTC	116.85024340979928
REQBTC	BCPTBTC	2.264727469821499
REQBTC	BRDBTC	6.660899177607693
REQBTC	BTSBTC	-1.1602582755556186
REQBTC	CDTBTC	0.2466844041082594
REQBTC	CMTBTC	-2.578488551095558
REQBTC	CNDBTC	0.4713107465328523
REQBTC	DLTBTC	1.3648300945980836
REQBTC	ELFBTC	5.516841536887482
REQBTC	ENJBTC	5.5001791598920695
REQBTC	GTOBTC	1.4173493377082
REQBTC	GVTBTC	120.74117825567826
REQBTC	GXSBTC	653.1662910475037
REQBTC	ICXBTC	15.235420169651816
REQBTC	KMDBTC	35.68905575767336
REQBTC	LSKBTC	65.76396892811057
REQBTC	MANABTC	0.9131657282763952
REQBTC	NAVBTC	5.380415848916618
REQBTC	NEBLBTC	47.77510947503637
REQBTC	NULSBTC	22.982638467779303
REQBTC	OSTBTC	1.0653459681816269
REQBTC	POEBTC	0.20455672513890225
REQBTC	POWRBTC	0.7647976669559382
REQBTC	PPTBTC	87.40410290991566
REQBTC	QSPBTC	0.8422184466219195
REQBTC	RCNBTC	-0.33241859566255305
REQBTC	RDNBTC	8.867650549404114
REQBTC	STORJBTC	5.762271415378087
REQBTC	TNBBTC	0.2407880394258564
REQBTC	TRXBTC	0.29623410973397524
REQBTC	VIBBTC	0.7580824056939385
REQBTC	WABIBTC	5.0070382952300205
REQBTC	WAVESBTC	164.4472084247786
REQBTC	XLMBTC	125.94496481597582
REQBTC	XMRBTC	884.6898204530671
REQBTC	XRPBTC	-37.8421933193278
REQBTC	XZCBTC	126.22509431146143
SNGLSBTC	ADABTC	2.2496551832526612
SNGLSBTC	ADXBTC	8.522569670350885
SNGLSBTC	AIONBTC	32.10578966972053
SNGLSBTC	AMBBTC	5.298567988015687
SNGLSBTC	ARKBTC	29.46079568685034
SNGLSBTC	ASTBTC	4.444032007423446
SNGLSBTC	BATBTC	10.017643986511178
SNGLSBTC	BCDBTC	271.9292222731144
SNGLSBTC	BCPTBTC	5.121528404256576
SNGLSBTC	BNTBTC	43.769450210684816
SNGLSBTC	BQXBTC	31.242039474531538
SNGLSBTC	BRDBTC	7.019589447693257
SNGLSBTC	BTGBTC	704.5501204924523
SNGLSBTC	BTSBTC	0.8667075941835408
SNGLSBTC	CDTBTC	0.5570195136232677
SNGLSBTC	CMTBTC	21.261978924497523
SNGLSBTC	CNDBTC	0.9618648088767093
SNGLSBTC	DASHBTC	3549.229349787002
SNGLSBTC	DLTBTC	3.0708827035975736
SNGLSBTC	DNTBTC	0.7850505571175146
SNGLSBTC	ELFBTC	11.370029152316539
SNGLSBTC	ENGBTC	19.720704209413093
SNGLSBTC	EOSBTC	149.77088046957806
SNGLSBTC	ETCBTC	208.1418106101635
SNGLSBTC	EVXBTC	14.60661644302034
SNGLSBTC	FUNBTC	0.48381828460767606
SNGLSBTC	GTOBTC	2.9588922786419065
SNGLSBTC	GVTBTC	254.17271648863056
SNGLSBTC	GXSBTC	39.452695672519056
SNGLSBTC	ICXBTC	34.76633028463801
SNGLSBTC	IOTABTC	16.716881485651623
SNGLSBTC	KMDBTC	28.172114156857663
SNGLSBTC	KNCBTC	19.73079450205831
SNGLSBTC	LSKBTC	128.06695626312074
SNGLSBTC	MANABTC	1.0759677597095345
SNGLSBTC	MTHBTC	1.1980933698400438
SNGLSBTC	MTLBTC	49.61385917554422
SNGLSBTC	NAVBTC	12.346108910837751
SNGLSBTC	NEBLBTC	106.82990321651273
SNGLSBTC	NULSBTC	35.98067157855903
SNGLSBTC	OAXBTC	6.5494173867038965
SNGLSBTC	OSTBTC	2.440109004602836
SNGLSBTC	POEBTC	0.4601165266303978
SNGLSBTC	POWRBTC	4.456825416224356
SNGLSBTC	PPTBTC	210.04293187343137
SNGLSBTC	QSPBTC	1.8812118847819181
SNGLSBTC	RCNBTC	0.5391656494172266
SNGLSBTC	RDNBTC	19.780067702556806
SNGLSBTC	REQBTC	2.3158105911449733
SNGLSBTC	SNMBTC	2.422194512243509
SNGLSBTC	SNTBTC	1.1963290330831755
SNGLSBTC	STORJBTC	8.893712794913327
SNGLSBTC	TNBBTC	0.5282094456561566
SNGLSBTC	TRXBTC	0.5474077919317264
SNGLSBTC	VIBBTC	1.6906811043820071
SNGLSBTC	WABIBTC	11.355594286620073
SNGLSBTC	XLMBTC	10.442303583701255
SNGLSBTC	XMRBTC	1789.4590524231598
SNGLSBTC	XRPBTC	-1014.352990686651
SNGLSBTC	XVGBTC	0.5980756006277921
SNGLSBTC	XZCBTC	310.26475313535406
SNGLSBTC	ZECBTC	2576.947091739773
SNMBTC	ADABTC	0.9274678415366058
SNMBTC	ADXBTC	3.58628317489528
SNMBTC	AIONBTC	12.541373762838505
SNMBTC	AMBBTC	2.3214539036983
SNMBTC	ARKBTC	13.610490880635151
SNMBTC	BCDBTC	130.5016854436613
SNMBTC	BCPTBTC	2.281789015412309
SNMBTC	BNTBTC	18.51297181797567
SNMBTC	BTGBTC	238.0515958271735
SNMBTC	BTSBTC	0.9592005282245266
SNMBTC	CDTBTC	0.22704387478243832
SNMBTC	CMTBTC	0.9356826281375171
SNMBTC	CNDBTC	0.4578113601741561
SNMBTC	DASHBTC	1589.2949022949892
SNMBTC	DLTBTC	1.1573559269147293
SNMBTC	DNTBTC	0.3601273290808121
SNMBTC	ELFBTC	4.841939499372263
SNMBTC	ENGBTC	9.39784504787183
SNMBTC	ETCBTC	74.67925316910437
SNMBTC	EVXBTC	5.579531094181851
SNMBTC	GTOBTC	1.3681699659263666
SNMBTC	GXSBTC	14.50298945310482
SNMBTC	ICXBTC	16.22173491693705
SNMBTC	IOTABTC	6.875964632707079
SNMBTC	KMDBTC	12.108785250406937
SNMBTC	LSKBTC	61.59969101532383
SNMBTC	MANABTC	0.3806783965844289
SNMBTC	MTHBTC	0.5551577988573025
SNMBTC	MTLBTC	16.95582631006177
SNMBTC	NAVBTC	5.276677432541316
SNMBTC	NEBLBTC	50.4909412802049
SNMBTC	NULSBTC	14.434329561842718
SNMBTC	OAXBTC	2.903883005052475
SNMBTC	OSTBTC	1.1322817760270016
SNMBTC	POEBTC	0.22147314302278545
SNMBTC	POWRBTC	1.789944117644699
SNMBTC	PPTBTC	93.82029981304166
SNMBTC	QSPBTC	0.8462705370425083
SNMBTC	RCNBTC	0.20585262320422182
SNMBTC	RDNBTC	8.11308745598446
SNMBTC	REQBTC	0.7645655389118713
SNMBTC	SNTBTC	0.46788477437300774
SNMBTC	STORJBTC	3.6767615883681666
SNMBTC	TNBBTC	0.23649722547256868
SNMBTC	TRXBTC	0.19667146398372598
SNMBTC	VIBBTC	0.7683417768608637
SNMBTC	WABIBTC	5.070756018808845
SNMBTC	XMRBTC	743.5324069453123
SNMBTC	XRPBTC	1.418453802651466
SNMBTC	XVGBTC	0.2582566396770187
SNMBTC	XZCBTC	136.78805976226224
SNMBTC	ZECBTC	1194.7613887950517
SNTBTC	ADABTC	-9.767865541776198
SNTBTC	ADXBTC	7.525570323926779
SNTBTC	AIONBTC	27.596914077812027
SNTBTC	AMBBTC	4.250134279421453
SNTBTC	ARKBTC	24.477852431328618
SNTBTC	ASTBTC	3.6733634222058495
SNTBTC	BATBTC	8.951785361759766
SNTBTC	BCDBTC	261.42883296492045
SNTBTC	BCPTBTC	4.512319014859912
SNTBTC	BNTBTC	35.86187829051114
SNTBTC	BRDBTC	9.059864469614963
SNTBTC	BTGBTC	1203.4882480942458
SNTBTC	BTSBTC	4.490568072737779
SNTBTC	CDTBTC	0.5043165729321322
SNTBTC	CMTBTC	4.242338239584135
SNTBTC	CNDBTC	0.9109726396930723
SNTBTC	DASHBTC	3472.10928512982
SNTBTC	DLTBTC	3.6419832047304808
SNTBTC	DNTBTC	0.6484443650317641
SNTBTC	ELFBTC	9.465134180573521
SNTBTC	ENGBTC	17.98112746160326
SNTBTC	ENJBTC	11.029543504298497
SNTBTC	ETCBTC	196.43796741095895
SNTBTC	EVXBTC	16.36633262777079
SNTBTC	GTOBTC	2.7718167883870466
SNTBTC	GVTBTC	211.42247647116073
SNTBTC	GXSBTC	37.9928166547061
SNTBTC	ICXBTC	29.585912458074873
SNTBTC	KMDBTC	30.85924014260853
SNTBTC	LSKBTC	110.1530543360713
SNTBTC	MANABTC	1.4423592257140223
SNTBTC	MTHBTC	1.0832260107809866
SNTBTC	NAVBTC	10.623675020154126
SNTBTC	NEBLBTC	89.13207519601336
SNTBTC	NULSBTC	30.92693403527733
SNTBTC	OAXBTC	5.46652080160392
SNTBTC	OSTBTC	2.095645527793364
SNTBTC	POEBTC	0.37884279017058964
SNTBTC	POWRBTC	3.9106957093856063
SNTBTC	PPTBTC	205.22320033724435
SNTBTC	QSPBTC	1.617875172846415
SNTBTC	RCNBTC	4.190926622477119
SNTBTC	RDNBTC	16.7118491207536
SNTBTC	REQBTC	2.05868061727644
SNTBTC	STORJBTC	7.9284530353208735
SNTBTC	TNBBTC	0.4503832811790267
SNTBTC	TRXBTC	0.8538899250020775
SNTBTC	VIBBTC	1.5326632823976074
SNTBTC	WABIBTC	10.084117896763999
SNTBTC	WAVESBTC	116.59187119178999
SNTBTC	XMRBTC	1527.4045416616732
SNTBTC	XRPBTC	42.650987348641216
SNTBTC	XZCBTC	347.6352139430124
SNTBTC	ZECBTC	2386.5997060023114
STORJBTC	ADABTC	0.2452919934134998
STORJBTC	ADXBTC	0.9674787060560275
STORJBTC	AIONBTC	2.8479561490118788
STORJBTC	AMBBTC	0.6521793861889135
STORJBTC	BCDBTC	35.80833035084513
STORJBTC	BCPTBTC	0.6739787626138124
STORJBTC	BTSBTC	0.22687729321690728
STORJBTC	CDTBTC	0.05880416389295765
STORJBTC	CNDBTC	0.13541615690171357
STORJBTC	DLTBTC	0.3528529448135483
STORJBTC	ELFBTC	1.3500797274443743
STORJBTC	GTOBTC	0.36213077241556607
STORJBTC	GXSBTC	3.906168766059582
STORJBTC	ICXBTC	4.571105187746451
STORJBTC	KMDBTC	3.46844955433462
STORJBTC	LSKBTC	18.048585183942542
STORJBTC	MANABTC	0.12339747400158224
STORJBTC	NAVBTC	1.5011716636259234
STORJBTC	NEBLBTC	14.294080379075014
STORJBTC	NULSBTC	4.2595810797188545
STORJBTC	OSTBTC	0.3319611383180568
STORJBTC	POEBTC	0.06084043041580474
STORJBTC	PPTBTC	24.809236953241786
STORJBTC	QSPBTC	0.23629733631881372
STORJBTC	RCNBTC	-0.015797763819677808
STORJBTC	RDNBTC	2.566274666836248
STORJBTC	TNBBTC	0.06285086469018186
STORJBTC	WABIBTC	1.5026459946280664
STORJBTC	XMRBTC	220.29917999067234
STORJBTC	XZCBTC	37.73653064743491
STRATBTC	ADABTC	0.03587358395920918
STRATBTC	ADXBTC	0.146356601741281
STRATBTC	AIONBTC	0.5225228942497049
STRATBTC	AMBBTC	0.08279062687883601
STRATBTC	ARKBTC	0.4973097467528981
STRATBTC	ASTBTC	0.07764981446134538
STRATBTC	BCDBTC	4.71244175563065
STRATBTC	BCPTBTC	0.08570855349077391
STRATBTC	BNTBTC	0.7418610962213386
STRATBTC	BQXBTC	0.5357249346153362
STRATBTC	BRDBTC	0.11679403483185187
STRATBTC	BTGBTC	11.333911034066043
STRATBTC	BTSBTC	0.024398702246678828
STRATBTC	CDTBTC	0.009577965148592413
STRATBTC	CNDBTC	0.015793342564138963
STRATBTC	DASHBTC	61.697842767399415
STRATBTC	DLTBTC	0.05228940082394724
STRATBTC	DNTBTC	0.013217454992067315
STRATBTC	ELFBTC	0.1772980239391757
STRATBTC	ENGBTC	0.335494274116961
STRATBTC	EOSBTC	2.0897272264516102
STRATBTC	ETCBTC	3.281124453964102
STRATBTC	EVXBTC	0.24522137653732423
STRATBTC	FUNBTC	0.00794629743267505
STRATBTC	GTOBTC	0.04948770798521932
STRATBTC	GVTBTC	3.7189117918791283
STRATBTC	GXSBTC	0.6012583575263267
STRATBTC	ICXBTC	0.5972935779012062
STRATBTC	IOTABTC	0.25100939870928524
STRATBTC	KMDBTC	0.4522988802833594
STRATBTC	LSKBTC	2.186966256944953
STRATBTC	MANABTC	0.016516737543258636
STRATBTC	MDABTC	0.3437972647410761
STRATBTC	MTHBTC	0.020648323650398672
STRATBTC	MTLBTC	0.6000429087801069
STRATBTC	NAVBTC	0.2113872822049412
STRATBTC	NEBLBTC	1.8230574778723754
STRATBTC	NULSBTC	0.5556926112987953
STRATBTC	OAXBTC	0.10566167757261859
STRATBTC	OSTBTC	0.04194466611233838
STRATBTC	POEBTC	0.007845869439645478
STRATBTC	POWRBTC	0.07441603987888362
STRATBTC	PPTBTC	3.3064318172489955
STRATBTC	QSPBTC	0.032453026272008634
STRATBTC	RCNBTC	-0.012022125825608892
STRATBTC	RDNBTC	0.34663045106478346
STRATBTC	REQBTC	0.03976628818568717
STRATBTC	SNGLSBTC	0.01712628076781433
STRATBTC	SNMBTC	0.03775625635596416
STRATBTC	SNTBTC	0.01988506441622694
STRATBTC	STORJBTC	0.1385444304096762
STRATBTC	TNBBTC	0.00905511913821717
STRATBTC	TRXBTC	0.00799994667378081
STRATBTC	VIBBTC	0.029118284976248056
STRATBTC	WABIBTC	0.19851850144894176
STRATBTC	XMRBTC	29.62979033365519
STRATBTC	XRPBTC	-0.20295479244528983
STRATBTC	XVGBTC	0.009541927490393355
STRATBTC	XZCBTC	5.460999805372312
STRATBTC	ZECBTC	44.402085932178515
TNBBTC	AIONBTC	52.174741509138954
TNBBTC	BRDBTC	14.251021739852417
TNBBTC	ELFBTC	21.27155689384061
TNBBTC	GTOBTC	5.4948861765590715
TNBBTC	ICXBTC	65.13975639712822
TNBBTC	NAVBTC	22.83385831113812
TNBBTC	NEBLBTC	209.44980096141018
TNBBTC	OSTBTC	4.554851064018364
TNBBTC	WAVESBTC	245.63329294845025
TRXBTC	ADABTC	2.817934113754596
TRXBTC	ADXBTC	15.50792729015952
TRXBTC	AIONBTC	48.215169047895635
TRXBTC	AMBBTC	12.51397508029822
TRXBTC	ARKBTC	65.55221378510186
TRXBTC	BATBTC	5.8424709702695425
TRXBTC	BCDBTC	555.0451279606699
TRXBTC	BCPTBTC	12.102890745975966
TRXBTC	BRDBTC	13.965169725249114
TRXBTC	BTSBTC	3.91574991908724
TRXBTC	CDTBTC	1.0089760986927778
TRXBTC	CMTBTC	4.875631397476357
TRXBTC	DLTBTC	6.5867468091692905
TRXBTC	ELFBTC	25.8006729376363
TRXBTC	GTOBTC	6.420849449521325
TRXBTC	GXSBTC	74.83623702230332
TRXBTC	ICXBTC	80.93367230829044
TRXBTC	KMDBTC	58.565424939249176
TRXBTC	LSKBTC	379.4703117980488
TRXBTC	MANABTC	2.050113592618699
TRXBTC	NAVBTC	25.057485797536707
TRXBTC	NEBLBTC	247.47593348316246
TRXBTC	NULSBTC	77.57857282283067
TRXBTC	OSTBTC	6.067494405891436
TRXBTC	POWRBTC	7.624690217004732
TRXBTC	PPTBTC	471.54827261640446
TRXBTC	QSPBTC	3.9875919547221366
TRXBTC	RCNBTC	1.1094339004425595
TRXBTC	RDNBTC	42.91829783931052
TRXBTC	STORJBTC	16.54834701274843
TRXBTC	TNBBTC	0.8171999474977282
TRXBTC	WABIBTC	27.131882712935887
TRXBTC	WAVESBTC	124.94541588780159
TRXBTC	XLMBTC	8.57027737064188
TRXBTC	XRPBTC	11.440581853236205
TRXBTC	XZCBTC	474.03614345961
VIBBTC	ADABTC	1.1717749565936069
VIBBTC	ADXBTC	5.060571990411912
VIBBTC	AIONBTC	16.927922966631883
VIBBTC	AMBBTC	2.871114382480993
VIBBTC	ARKBTC	17.059582139694687
VIBBTC	BATBTC	4.08426903988532
VIBBTC	BCDBTC	163.9203344663834
VIBBTC	BCPTBTC	2.913327204438486
VIBBTC	BRDBTC	4.018434666279318
VIBBTC	BTSBTC	0.42102646586360265
VIBBTC	CDTBTC	0.3256662143915776
VIBBTC	CMTBTC	5.150263878876661
VIBBTC	CNDBTC	0.5711019229538614
VIBBTC	DLTBTC	1.7903096616041325
VIBBTC	ELFBTC	6.054585967564844
VIBBTC	ENJBTC	2.259079363301502
VIBBTC	GTOBTC	1.6804809928132687
VIBBTC	GVTBTC	133.78772048084747
VIBBTC	GXSBTC	19.691034961869708
VIBBTC	ICXBTC	20.409459005029152
VIBBTC	KMDBTC	16.725556449682866
VIBBTC	LSKBTC	73.88476264077407
VIBBTC	MANABTC	0.625928777834322
VIBBTC	NAVBTC	7.11202805912017
VIBBTC	NEBLBTC	62.06470292926606
VIBBTC	NULSBTC	19.786059507055793
VIBBTC	OSTBTC	1.4453831872687957
VIBBTC	POEBTC	0.26827272465245455
VIBBTC	POWRBTC	2.5019620874069033
VIBBTC	PPTBTC	128.13436669743066
VIBBTC	QSPBTC	1.1134916320252308
VIBBTC	RCNBTC	3.0662020474037814
VIBBTC	RDNBTC	11.688147247678858
VIBBTC	STORJBTC	4.816123276953943
VIBBTC	TNBBTC	0.3119657051779199
VIBBTC	TRXBTC	0.2956624158400799
VIBBTC	WABIBTC	6.749575768670444
VIBBTC	WAVESBTC	63.262003833784114
VIBBTC	XLMBTC	4.470681712804127
VIBBTC	XMRBTC	965.2396196891091
VIBBTC	XRPBTC	-9.754842835142686
VIBBTC	XZCBTC	199.2803395013924
WABIBTC	AIONBTC	2.5326480189535396
WABIBTC	BRDBTC	0.5563561137269922
WABIBTC	ELFBTC	0.8843325861370048
WABIBTC	GTOBTC	0.2281068227572826
WABIBTC	ICXBTC	2.9517838926762483
WABIBTC	NAVBTC	1.0505749232627957
WABIBTC	NEBLBTC	9.356763111319426
WABIBTC	OSTBTC	0.21392925414556
WABIBTC	TNBBTC	0.04625683760978837
WAVESBTC	AIONBTC	0.017851279004649983
WAVESBTC	NEBLBTC	1.7727808778445173
WTCBTC	ADABTC	0.013647869167292808
WTCBTC	ADXBTC	0.057671044824265855
WTCBTC	AIONBTC	0.1785695675759066
WTCBTC	AMBBTC	0.03198323613278972
WTCBTC	ARKBTC	0.20192905582561815
WTCBTC	ASTBTC	0.029930812503700006
WTCBTC	BNTBTC	0.26706276488065916
WTCBTC	BQXBTC	0.21402512442181845
WTCBTC	BRDBTC	0.035201591340589936
WTCBTC	BTGBTC	4.399111951099711
WTCBTC	BTSBTC	0.012142355981182696
WTCBTC	CDTBTC	0.0035723003964190244
WTCBTC	DASHBTC	24.11066250591571
WTCBTC	DLTBTC	0.016750511441154765
WTCBTC	DNTBTC	0.004978213822942433
WTCBTC	ENGBTC	0.13191459447428605
WTCBTC	EVXBTC	0.08932191910989322
WTCBTC	FUNBTC	0.0031560733924913646
WTCBTC	GTOBTC	0.018423819178140084
WTCBTC	ICXBTC	0.2364464286648478
WTCBTC	IOTABTC	0.08875128075744072
WTCBTC	KMDBTC	0.17303182916625162
WTCBTC	KNCBTC	0.10616827987054461
WTCBTC	LRCBTC	0.03703843141770932
WTCBTC	MTHBTC	0.007884095365397283
WTCBTC	MTLBTC	0.21075502464267248
WTCBTC	NAVBTC	0.0838417257004174
WTCBTC	NEBLBTC	0.7217630161259057
WTCBTC	OAXBTC	0.04017248306792652
WTCBTC	OSTBTC	0.016119616903304074
WTCBTC	POEBTC	0.0030964930232962287
WTCBTC	POWRBTC	0.026928026610859714
WTCBTC	PPTBTC	1.470600862562108
WTCBTC	QSPBTC	0.013019197446100354
WTCBTC	QTUMBTC	1.213900386179718
WTCBTC	RCNBTC	0.005608796632510758
WTCBTC	RDNBTC	0.13857688849389357
WTCBTC	REQBTC	0.013794007305281344
WTCBTC	SNGLSBTC	0.006593154659581754
WTCBTC	SNMBTC	0.013643255432777354
WTCBTC	SNTBTC	0.007547904946511527
WTCBTC	STORJBTC	0.04771069667847472
WTCBTC	STRATBTC	0.3994113715498114
WTCBTC	TNBBTC	0.003425046119625502
WTCBTC	VIBBTC	0.011383814331062194
WTCBTC	WABIBTC	0.0767124503367006
WTCBTC	XMRBTC	10.333504880004686
WTCBTC	XRPBTC	0.027822427730656542
WTCBTC	XVGBTC	0.0033701692116917606
WTCBTC	XZCBTC	2.269563433090666
WTCBTC	YOYOBTC	0.006886545137563585
XLMBTC	AIONBTC	-3.3490561755661137
XLMBTC	BRDBTC	1.384380619763585
XLMBTC	CNDBTC	0.35502105614742524
XLMBTC	ELFBTC	3.7289393233118457
XLMBTC	NEBLBTC	36.370800201008414
XLMBTC	TNBBTC	0.10308617629792663
XMRBTC	ADABTC	0.0011225223366927845
XMRBTC	ADXBTC	0.004958682568540717
XMRBTC	AIONBTC	0.014010333535479445
XMRBTC	BCDBTC	0.18232971193932407
XMRBTC	BRDBTC	0.0037256242551851402
XMRBTC	BTSBTC	0.0012110106188477048
XMRBTC	CDTBTC	0.00032919383163847914
XMRBTC	DLTBTC	0.0017226061716707104
XMRBTC	ELFBTC	0.006405805518266442
XMRBTC	GTOBTC	0.0018039481313432272
XMRBTC	GXSBTC	0.018784323002493514
XMRBTC	ICXBTC	0.020817284853382915
XMRBTC	MANABTC	0.0005070546626769704
XMRBTC	NAVBTC	0.007474259569191434
XMRBTC	OSTBTC	0.001543526995525042
XMRBTC	POEBTC	0.0003020659286964724
XMRBTC	PPTBTC	0.12542085511633722
XMRBTC	QSPBTC	0.0011429775025853088
XMRBTC	TNBBTC	0.00031516968083713853
XMRBTC	WABIBTC	0.006975506044125331
XMRBTC	XLMBTC	0.0015202634886501568
XMRBTC	XZCBTC	0.19928300907663202
XRPBTC	ADABTC	-0.0031239644845597143
XRPBTC	ADXBTC	-0.2799140075344844
XRPBTC	AIONBTC	-3.140553323200252
XRPBTC	AMBBTC	1.0501067541965596
XRPBTC	BATBTC	0.9022015754313712
XRPBTC	BCDBTC	46.0712224507061
XRPBTC	BCPTBTC	1.0518798297753686
XRPBTC	BRDBTC	0.9307977341485433
XRPBTC	BTSBTC	-0.023104795793005416
XRPBTC	CDTBTC	-0.0042790451522217625
XRPBTC	CMTBTC	1.712355035044128
XRPBTC	CNDBTC	0.25354134316015964
XRPBTC	DLTBTC	0.4031627077129388
XRPBTC	ELFBTC	2.3954646649991487
XRPBTC	ENJBTC	-0.9204697997031723
XRPBTC	GTOBTC	3.7696218650276903
XRPBTC	GVTBTC	35.91964235019882
XRPBTC	GXSBTC	13.706760421038606
XRPBTC	ICXBTC	51.848817241832464
XRPBTC	KMDBTC	-2.0867586546396004
XRPBTC	LSKBTC	43.937386784517514
XRPBTC	MANABTC	0.16513901006161144
XRPBTC	NAVBTC	-3.0164707518684937
XRPBTC	NEBLBTC	20.10846615329816
XRPBTC	NULSBTC	6.6464596595676415
XRPBTC	OSTBTC	0.7850636500038145
XRPBTC	POEBTC	-0.1654664742458234
XRPBTC	PPTBTC	-340.3548109153753
XRPBTC	QSPBTC	-0.6210940386493738
XRPBTC	RCNBTC	-0.11359709555638695
XRPBTC	RDNBTC	-2.6115299392613855
XRPBTC	STORJBTC	37.483901481891934
XRPBTC	TNBBTC	-0.009218889427028223
XRPBTC	WABIBTC	2.3220441534899057
XRPBTC	WAVESBTC	10.546111480409117
XRPBTC	XLMBTC	0.6428755614764099
XRPBTC	XMRBTC	365.653716607886
XRPBTC	XZCBTC	-18.30303047696316
XVGBTC	ADABTC	3.5201491541656456
XVGBTC	ADXBTC	14.641063018612238
XVGBTC	AIONBTC	48.68808014603136
XVGBTC	AMBBTC	9.196285375815547
XVGBTC	ARKBTC	53.59053804532397
XVGBTC	ASTBTC	8.468831176052072
XVGBTC	BCDBTC	510.17267340071146
XVGBTC	BCPTBTC	9.387251815699885
XVGBTC	BNTBTC	76.38283542101958
XVGBTC	BRDBTC	8.336807254270658
XVGBTC	BTGBTC	1008.3271290219857
XVGBTC	BTSBTC	3.1148187076791336
XVGBTC	CDTBTC	0.9001378635402967
XVGBTC	CMTBTC	2.60044259267541
XVGBTC	CNDBTC	1.9133330645342097
XVGBTC	DASHBTC	6176.276174222265
XVGBTC	DLTBTC	4.4362697159988445
XVGBTC	DNTBTC	1.4323020432179987
XVGBTC	ELFBTC	18.979629104917187
XVGBTC	ENGBTC	34.72927758683589
XVGBTC	EOSBTC	214.5395371515216
XVGBTC	ETCBTC	323.6189226453794
XVGBTC	EVXBTC	23.716837030175178
XVGBTC	GTOBTC	5.206901693084641
XVGBTC	GVTBTC	417.3376701012103
XVGBTC	GXSBTC	57.39033409379285
XVGBTC	ICXBTC	63.138126515924775
XVGBTC	KMDBTC	47.31409985747929
XVGBTC	LSKBTC	258.95675255788234
XVGBTC	MANABTC	1.6866221470455638
XVGBTC	MTHBTC	2.131300131244108
XVGBTC	MTLBTC	66.38845445470962
XVGBTC	NAVBTC	21.66554610676882
XVGBTC	NEBLBTC	202.20537823729893
XVGBTC	NULSBTC	62.11826032896836
XVGBTC	OAXBTC	11.570739930243667
XVGBTC	OSTBTC	4.4244151365825175
XVGBTC	POEBTC	0.8536791214505686
XVGBTC	POWRBTC	6.811720100956052
XVGBTC	PPTBTC	365.04763137735665
XVGBTC	QSPBTC	3.2197716761333943
XVGBTC	RCNBTC	0.9543839368096357
XVGBTC	RDNBTC	34.79038432696301
XVGBTC	REQBTC	3.550688065247894
XVGBTC	SNTBTC	1.8947036450183723
XVGBTC	STORJBTC	13.736652247857634
XVGBTC	TNBBTC	0.878776048645701
XVGBTC	TRXBTC	0.8629049318235796
XVGBTC	VIBBTC	2.996714798880916
XVGBTC	WABIBTC	20.263677921281023
XVGBTC	XMRBTC	2988.5122848447786
XVGBTC	XRPBTC	1.3467972801236014
XVGBTC	XZCBTC	559.7156677355471
XVGBTC	ZECBTC	4796.773155580185
XZCBTC	ADABTC	0.0040462924261144735
XZCBTC	ADXBTC	0.025674538646863077
XZCBTC	AIONBTC	0.0943885293638865
XZCBTC	BCDBTC	0.8602661588964224
XZCBTC	BRDBTC	0.027374371295990872
XZCBTC	CMTBTC	-0.06253072071525156
XZCBTC	CNDBTC	0.0029315478756372984
XZCBTC	ELFBTC	0.03136085579388633
XZCBTC	GTOBTC	0.0087121924570403
XZCBTC	ICXBTC	0.10622223946221844
XZCBTC	LSKBTC	0.3774823701482015
XZCBTC	MANABTC	0.0042473942843709155
XZCBTC	NAVBTC	0.03774285010070529
XZCBTC	NEBLBTC	0.31520423914997336
XZCBTC	OSTBTC	0.007637392665595831
XZCBTC	PPTBTC	0.7311162782037365
XZCBTC	TNBBTC	0.001591616428908221
XZCBTC	WABIBTC	0.03663513769026498
XZCBTC	WAVESBTC	0.4482374128375289
YOYOBTC	ADABTC	1.8337358120513685
YOYOBTC	ADXBTC	7.33784415564863
YOYOBTC	AIONBTC	27.400746340910814
YOYOBTC	AMBBTC	4.531982281727102
YOYOBTC	ARKBTC	26.45919332706897
YOYOBTC	ASTBTC	4.184415403946007
YOYOBTC	BATBTC	9.167477794431761
YOYOBTC	BCDBTC	244.57806117479132
YOYOBTC	BCPTBTC	4.888095083008539
YOYOBTC	BNTBTC	36.09647210611915
YOYOBTC	BQXBTC	27.91493736299299
YOYOBTC	BRDBTC	11.649503257804605
YOYOBTC	BTGBTC	446.5160400104433
YOYOBTC	BTSBTC	3.366678398881493
YOYOBTC	CDTBTC	0.47493573053280447
YOYOBTC	CMTBTC	4.88211979146395
YOYOBTC	CNDBTC	0.9949790575375013
YOYOBTC	DASHBTC	3858.0567420299985
YOYOBTC	DLTBTC	4.049129734127689
YOYOBTC	DNTBTC	0.6849416290427195
YOYOBTC	ELFBTC	9.742371765817857
YOYOBTC	ENGBTC	17.15042603976584
YOYOBTC	ENJBTC	19.198259500182747
YOYOBTC	EOSBTC	109.4220461573
YOYOBTC	ETCBTC	181.91861671979586
YOYOBTC	EVXBTC	14.237616115689107
YOYOBTC	FUNBTC	0.4243148285191488
YOYOBTC	GTOBTC	2.6644639852115266
YOYOBTC	GVTBTC	225.9857746370842
YOYOBTC	GXSBTC	36.985158500525394
YOYOBTC	ICXBTC	30.225062298823364
YOYOBTC	IOTABTC	14.376873454135195
YOYOBTC	KMDBTC	29.199547292211854
YOYOBTC	KNCBTC	26.963923287001684
YOYOBTC	LSKBTC	129.11801033774813
YOYOBTC	MANABTC	1.2237404376028589
YOYOBTC	MDABTC	84.16618304505842
YOYOBTC	MTHBTC	1.0853103550934493
YOYOBTC	MTLBTC	36.22586711517735
YOYOBTC	NAVBTC	10.783085746273596
YOYOBTC	NEBLBTC	93.86203548049615
YOYOBTC	NULSBTC	30.436939876792007
YOYOBTC	OAXBTC	5.715999542678677
YOYOBTC	OMGBTC	115.65331268057852
YOYOBTC	OSTBTC	2.2095932522734096
YOYOBTC	POEBTC	0.4198135905414695
YOYOBTC	POWRBTC	3.629623380830542
YOYOBTC	PPTBTC	210.6572719471561
YOYOBTC	QSPBTC	1.6666751964316104
YOYOBTC	RCNBTC	-2.947179902225578
YOYOBTC	RDNBTC	17.53749965626285
YOYOBTC	REQBTC	1.925395907886576
YOYOBTC	SNGLSBTC	0.8522747602980443
YOYOBTC	SNMBTC	2.0005352965943564
YOYOBTC	SNTBTC	0.9594629943733077
YOYOBTC	STORJBTC	7.972369627762255
YOYOBTC	STRATBTC	50.1314754748783
YOYOBTC	TNBBTC	0.4642925964529737
YOYOBTC	TRXBTC	0.493048152797199
YOYOBTC	VIBBTC	1.5004160579151684
YOYOBTC	WABIBTC	10.114140943274439
YOYOBTC	WAVESBTC	119.85743786227279
YOYOBTC	XLMBTC	5.970093862963834
YOYOBTC	XMRBTC	1630.8639582256621
YOYOBTC	XRPBTC	42.83563543063155
YOYOBTC	XVGBTC	0.5260167721248941
YOYOBTC	XZCBTC	371.7867937597955
YOYOBTC	ZECBTC	2388.8948316162882
YOYOBTC	ZRXBTC	12.202111850048793
ZECBTC	ADABTC	0.0007772237865397801
ZECBTC	ADXBTC	0.0030447951934465156
ZECBTC	AIONBTC	0.010075326451653696
ZECBTC	AMBBTC	0.001893889009696176
ZECBTC	ARKBTC	0.011655357936675643
ZECBTC	ASTBTC	0.0017970516353190483
ZECBTC	BCDBTC	0.1091183016253711
ZECBTC	BCPTBTC	0.0019050299036265808
ZECBTC	BRDBTC	0.00234049149933293
ZECBTC	BTGBTC	0.22893194925162721
ZECBTC	BTSBTC	0.0007830375828893549
ZECBTC	CDTBTC	0.00020838756308891074
ZECBTC	CMTBTC	0.000726848772142806
ZECBTC	DASHBTC	1.3912805658628482
ZECBTC	DLTBTC	0.0010018262789930686
ZECBTC	ELFBTC	0.0039416786939413745
ZECBTC	EVXBTC	0.005104584157396858
ZECBTC	GTOBTC	0.0010823644399829092
ZECBTC	GXSBTC	0.012088155864780776
ZECBTC	ICXBTC	0.013612932263106638
ZECBTC	KMDBTC	0.009954994062609253
ZECBTC	LSKBTC	0.04990916025510096
ZECBTC	MANABTC	0.00032371915610463197
ZECBTC	NAVBTC	0.0042968131795683515
ZECBTC	NEBLBTC	0.04155198199212274
ZECBTC	OAXBTC	0.002409368597969886
ZECBTC	OSTBTC	0.0009460331554565852
ZECBTC	POEBTC	0.0001839392741894854
ZECBTC	POWRBTC	0.0016008949122091733
ZECBTC	PPTBTC	0.0862166609777409
ZECBTC	QSPBTC	0.00070727573447153
ZECBTC	RCNBTC	0.0001401464528509007
ZECBTC	RDNBTC	0.008130877235960322
ZECBTC	REQBTC	0.0006486548883575187
ZECBTC	STORJBTC	0.0028450944751894102
ZECBTC	TNBBTC	0.00019923609785365559
ZECBTC	TRXBTC	0.00015893623928210388
ZECBTC	VIBBTC	0.0006543973730911804
ZECBTC	WABIBTC	0.004376492551492837
ZECBTC	XMRBTC	0.598272023958263
ZECBTC	XRPBTC	0.0016719330118131984
ZECBTC	XZCBTC	0.12132622015727738
ZRXBTC	ADABTC	0.16014351764986484
ZRXBTC	ADXBTC	0.5465200385515548
ZRXBTC	AIONBTC	1.170493713891995
ZRXBTC	AMBBTC	0.4900768191471669
ZRXBTC	ARKBTC	2.2921462397238646
ZRXBTC	ASTBTC	0.4031084476980481
ZRXBTC	BCDBTC	23.822423587477694
ZRXBTC	BCPTBTC	0.4053223792482414
ZRXBTC	BNTBTC	4.09530691539167
ZRXBTC	BQXBTC	3.0174390654067382
ZRXBTC	BRDBTC	0.47696303376118887
ZRXBTC	BTGBTC	44.961909989486415
ZRXBTC	BTSBTC	0.19319918771192995
ZRXBTC	CDTBTC	0.03946451709786627
ZRXBTC	CMTBTC	0.20910953656798248
ZRXBTC	DASHBTC	273.15469908294295
ZRXBTC	DLTBTC	0.21385928852810035
ZRXBTC	DNTBTC	0.06786459742328829
ZRXBTC	ELFBTC	0.9929011194374915
ZRXBTC	ENGBTC	1.6015109444939486
ZRXBTC	EVXBTC	1.0930757784690126
ZRXBTC	FUNBTC	0.042376401291959596
ZRXBTC	GTOBTC	0.25280378159635253
ZRXBTC	ICXBTC	2.843206289536169
ZRXBTC	IOTABTC	1.3008423434441876
ZRXBTC	KMDBTC	2.07060201951156
ZRXBTC	MANABTC	0.08932953183417511
ZRXBTC	MTHBTC	0.09400282552300118
ZRXBTC	MTLBTC	2.492075669692542
ZRXBTC	NAVBTC	0.8907694943334855
ZRXBTC	NEBLBTC	7.977145476998071
ZRXBTC	NULSBTC	3.0350088163848463
ZRXBTC	OAXBTC	0.5720418050371924
ZRXBTC	OSTBTC	0.180906552609854
ZRXBTC	POEBTC	0.04055851123192809
ZRXBTC	POWRBTC	0.3238406185195235
ZRXBTC	PPTBTC	16.506625112047054
ZRXBTC	QSPBTC	0.1418140467519169
ZRXBTC	RCNBTC	0.01905900699299121
ZRXBTC	RDNBTC	1.1509488552338194
ZRXBTC	REQBTC	0.08402667219102007
ZRXBTC	SNGLSBTC	0.07615634406096246
ZRXBTC	SNMBTC	0.20750812330729748
ZRXBTC	SNTBTC	0.0786545947602025
ZRXBTC	STORJBTC	0.6234240308097668
ZRXBTC	STRATBTC	4.422584522811009
ZRXBTC	TNBBTC	0.038692712559534916
ZRXBTC	TRXBTC	0.03992125603346078
ZRXBTC	VIBBTC	0.13045731338032865
ZRXBTC	WABIBTC	0.6589629357238618
ZRXBTC	XMRBTC	158.06253083637841
ZRXBTC	XRPBTC	0.4967938404428017
ZRXBTC	XVGBTC	0.04452556617461908
ZRXBTC	XZCBTC	23.40789891353892
